id,domain,status,purchase_price,renewal_price,attractiveness,demand,length,registrar,created_at,expires_at,status_verified_at
480a6450-401f-477a-98b8-b1c88f7e37d9,entries.hiphop,available,20.9,20.9,medium,low,7,spaceship,,,30/09/2026 06:24
316025a2-0a7b-4d34-b909-a9658c6c13ff,bohr.hiphop,available,27,,medium,low,4,unstoppable,,,29/09/2026 18:01
e4b34e8b-7dfe-4446-b150-35a65d19c2a8,armoury.hiphop,available,23.99,23.99,medium,low,7,namesilo,,,20/09/2026 07:33
5e6b0202-8fca-48b0-b266-f371a7252ff4,incisively.hiphop,available,23.99,23.99,medium,low,10,namesilo,,,15/09/2026 07:42
10aa6264-10ea-42dc-99cd-55c6e249dd95,hostess.hiphop,available,23.99,23.99,high,low,7,namesilo,,,17/09/2026 22:27
94a79d18-fb25-4892-9edb-1064c390fb46,palladio.hiphop,available,25.98,33.98,medium,low,8,namecheap,,,19/09/2026 04:26
fb79e284-efa4-46e1-bb8b-133f3af6660c,baldrick.hiphop,available,23.99,23.99,medium,low,8,namesilo,,,21/09/2026 21:46
3472886b-9bce-4539-99c5-982a2cd61e58,gsp.hiphop,premium,640,116,high,low,3,namesilo,,,03/10/2026 04:54
3fb18ec1-012e-4dd7-a66e-ace9524851f4,fda.hiphop,premium,640,116,high,low,3,namesilo,,,25/09/2026 05:55
6428c3ee-5aad-4e19-bfbc-f600c348c3d8,bonneville.hiphop,available,20.9,20.9,medium,low,10,spaceship,,,28/09/2026 16:50
bcc615ba-1979-4558-9820-c5a96fc691bb,anaphase.hiphop,available,23.99,23.99,medium,low,8,namesilo,,,19/09/2026 02:09
9165df42-dd1d-419d-bce4-6ccea3758f79,denies.hiphop,available,23.99,23.99,low,low,6,namesilo,,,29/09/2026 15:56
92e4cdf8-31ca-4989-885d-1f97115a1d66,condolence.hiphop,available,23.99,23.99,high,low,10,namesilo,,,29/09/2026 10:42
cff5e710-8050-4546-b36e-96b486bd7a1a,baseplate.hiphop,available,23.99,23.99,medium,low,10,namesilo,,,
2e902e46-7af6-4614-9366-96e27db74b67,barbell.hiphop,available,23.99,23.99,high,low,7,namesilo,,,22/09/2026 04:49
3ce7add5-6724-4c89-a0cf-cb799a42b582,hoar.hiphop,available,25.98,33.98,medium,low,4,namecheap,,,20/08/2026 19:18
57d4a3a4-5c76-4abc-b5c9-a7503e4fa75d,buttercup.hiphop,available,23.99,23.99,high,low,9,namesilo,,,24/09/2026 11:18
15bf79b1-d472-4f27-b9c9-c3d0e1c9ca3a,sitcom.hiphop,available,21.11,21.11,high,low,6,porkbun,,,01/10/2026 21:43
08dcf339-b1f7-4aa4-9853-6e84b9c28a35,outlander.hiphop,available,23.99,23.99,medium,low,9,namesilo,,,
82ab5e7f-78cb-41e6-a144-d268cb592f79,ignacio.hiphop,available,25.98,33.98,medium,low,7,namecheap,,,28/09/2026 08:56
63e50206-d4fc-460c-93cd-2d1d6f7e6364,belay.hiphop,available,34.99,41.99,medium,low,5,name.com,,,23/09/2026 04:34
3638f916-67a5-489e-8c26-db085f9a834c,commensal.hiphop,available,25.98,33.98,high,low,9,namecheap,,,12/08/2026 19:08
654a5027-2ba7-4dd8-81d5-094dd3d2d0dc,delible.hiphop,available,23.99,23.99,medium,low,7,namesilo,,,14/08/2026 00:35
600225b5-fc87-4b21-a5b4-befbeed1a1d5,luo.hiphop,premium,546.35,109.69,high,low,3,porkbun,,,29/09/2026 07:30
edec3b3f-3c80-44ac-a8ea-43542601421a,dividing.hiphop,available,20.9,20.9,medium,low,8,spaceship,,,29/09/2026 08:50
058526b2-71f9-45ba-be8d-8964c2d9816f,fibonacci.hiphop,available,20.9,20.9,high,low,9,spaceship,,,03/10/2026 05:18
98d59f55-e285-4ab9-a111-91cf251f4987,shook.hiphop,available,27,,medium,low,5,unstoppable,,,28/09/2026 20:26
b18ebcee-ba4d-456e-886e-13573fcc2c8b,protects.hiphop,available,21.62,21.62,medium,low,8,dynadot,,,29/09/2026 00:03
ec99bf90-6687-49dc-874a-8e1c3b60c344,stockton.hiphop,available,23.99,23.99,high,low,8,namesilo,,,25/09/2026 06:10
0d1e1804-6f59-4bf9-8102-b97cea437300,routing.hiphop,available,27,,high,low,7,unstoppable,,,30/09/2026 19:31
9fe338d4-9a04-416b-a797-1876bbd51518,approximate.hiphop,available,20.9,20.9,high,low,11,spaceship,,,29/09/2026 08:31
914618df-5b23-445b-94bb-b50e9f78ba84,authorization.hiphop,available,25.98,33.98,medium,low,13,namecheap,,,28/09/2026 08:21
5240db65-6f89-4a70-9bbd-fe473e025b71,summon.hiphop,available,21.62,21.62,high,low,6,dynadot,,,29/09/2026 01:42
8481e4e5-0020-4081-8ff5-0147916d888b,spotting.hiphop,available,27,,high,low,8,unstoppable,,,30/09/2026 17:13
8f82343b-a3e5-4658-aae9-841e4ecdd8af,bergh.hiphop,available,21.62,21.62,medium,low,5,dynadot,,,03/10/2026 03:58
7812675b-e063-4e14-b1cc-0152c0694a89,hey.hiphop,premium,517.7,103.7,high,medium,3,spaceship,,,30/09/2026 23:17
134c2623-e0d1-4e96-942a-fd37f9779240,strontium.hiphop,available,23.99,23.99,medium,low,9,namesilo,,,20/09/2026 22:59
30d6f1a1-42bb-488a-9872-114b4650b449,jiangsu.hiphop,available,23.99,23.99,high,low,7,namesilo,,,29/09/2026 09:39
4ecfe332-5d4b-4aa5-aa21-cdbf21b5196c,maitland.hiphop,available,23.99,23.99,medium,low,8,namesilo,,,28/09/2026 01:57
461a978c-215b-4ca5-b2f6-9b15d58eee84,severn.hiphop,available,23.99,23.99,medium,low,6,namesilo,,,28/09/2026 15:15
7c09f796-7b13-44ed-9b68-ffa345ce0943,bextra.hiphop,available,25.98,33.98,medium,low,6,namecheap,,,23/09/2026 12:09
1d110a9a-0089-4edf-9e73-c386d09c320d,careless.hiphop,available,23.99,23.99,high,low,8,namesilo,,,23/09/2026 12:52
5ca6235a-42be-44de-80b2-1eb1af404c91,russians.hiphop,available,25.98,33.98,medium,low,8,namecheap,,,27/09/2026 10:58
12b5c258-d5e8-4d77-9c4d-61af43e0bf3a,fungus.hiphop,available,23.99,23.99,medium,low,6,namesilo,,,28/09/2026 14:14
8c211757-1522-4011-9a18-21a47a2332dd,amniote.hiphop,available,23.99,23.99,medium,low,7,namesilo,,,18/09/2026 22:28
b7552ed6-cc13-4ac0-9d11-a499874ef77a,afro.hiphop,available,25.98,33.98,high,low,4,namecheap,,,17/09/2026 15:30
9a77032d-002d-44dd-9c43-baf8cf423698,allometry.hiphop,available,23.99,23.99,medium,low,9,namesilo,,,18/09/2026 11:57
49e20d5f-10f3-4d6d-944d-6bc9b8ac965e,manu.hiphop,available,20.9,20.9,high,low,4,spaceship,,,28/09/2026 11:11
bcb0433c-45b3-4525-8ef2-c46a0f9c8b19,ameba.hiphop,available,23.99,23.99,medium,low,5,namesilo,,,18/09/2026 17:40
252b57a3-6a3c-4437-8969-b97b1ec97178,irregular.hiphop,available,25.98,33.98,high,low,9,namecheap,,,25/09/2026 11:26
a939fa95-4d02-41c4-986e-951b0fcdef8c,wrecking.hiphop,available,20.9,20.9,medium,low,8,spaceship,,,29/09/2026 19:31
13834ad9-b1d1-47b2-a5d9-78b286e19a32,bids.hiphop,available,23.99,23.99,medium,low,4,namesilo,,,29/09/2026 15:47
78274e6a-ef6f-43fe-a858-681f278e0f2e,bated.hiphop,available,23.99,23.99,medium,low,5,namesilo,,,09/08/2026 00:22
59136d00-9154-4ac3-97b3-9efe159044d1,doodlebug.hiphop,available,25.98,33.98,medium,low,9,namecheap,,,19/09/2026 12:18
87b7a28f-7963-4029-8b47-8571750bfa05,blush.hiphop,available,23.99,23.99,high,low,5,namesilo,,,13/08/2026 06:32
125e9254-9cc3-44c6-b555-ad15f8d629a1,thackeray.hiphop,available,27,,medium,low,9,unstoppable,,,29/09/2026 14:03
61ee03b7-5705-4ba2-a092-366288dd35e7,freaky.hiphop,available,23.99,23.99,high,low,6,namesilo,,,10/08/2026 10:01
bf528186-9065-4ae9-935b-b8b9a3fd5911,dixon.hiphop,available,23.99,23.99,medium,low,5,namesilo,,,25/09/2026 17:44
52f68631-9613-4dbf-94da-7943e12425a7,torquay.hiphop,available,20.9,20.9,medium,low,7,spaceship,,,30/09/2026 21:29
4464a7bb-bc93-4dc9-994c-60686d8cd365,celery.hiphop,available,23.99,23.99,high,low,6,namesilo,,,19/09/2026 17:33
7f5c64ba-bd86-4d63-b3bc-65cc44caf17c,testosterone.hiphop,available,27,,high,low,12,unstoppable,,,29/09/2026 10:23
1ce2e273-c86a-4a2d-95b7-8db1d3602540,vorticity.hiphop,available,23.99,23.99,medium,low,9,namesilo,,,02/10/2026 21:47
ad6dcaa8-8daa-4f77-94e3-24f8cb6b8e79,isothermal.hiphop,available,23.99,23.99,medium,low,10,namesilo,,,22/08/2026 11:22
8f74c1df-2081-4f68-8f2a-152ab1d5a428,salas.hiphop,available,23.99,23.99,medium,low,5,namesilo,,,30/09/2026 21:51
4e7075b1-a84e-4c3a-9071-5836514913e2,antrim.hiphop,available,21.11,21.11,medium,low,6,porkbun,,,28/09/2026 16:38
1328b406-991e-4191-8725-3ef33f23257e,sisterly.hiphop,available,23.99,23.99,high,low,8,namesilo,,,10/09/2026 08:52
f2afa000-b926-4d7d-a3b0-7c55da3ae406,installations.hiphop,available,21.11,21.11,medium,low,13,porkbun,,,01/10/2026 18:25
6eb4f4ed-8930-4d01-9015-167e73bd6fa2,nanus.hiphop,available,23.99,23.99,medium,low,5,namesilo,,,24/08/2026 22:32
b8b2ad25-f4bd-4563-b4bf-2db458de3787,cnc.hiphop,premium,640,116,high,low,3,namesilo,,,30/09/2026 14:22
7a95c6d8-4320-4564-a09e-346cc1886d58,believes.hiphop,available,23.99,23.99,medium,low,8,namesilo,,,19/09/2026 19:41
c56c8c5b-876a-4f82-8690-37d6c1c2a2b6,matter.hiphop,available,21.62,21.62,high,low,6,dynadot,,,28/09/2026 19:11
8c0ca84a-5a9d-4aba-87de-46e9508f0922,aback.hiphop,available,23.99,23.99,high,low,5,namesilo,,,13/09/2026 16:07
5c99570b-c41f-43f2-be12-2ba658cef201,shrugs.hiphop,available,23.99,23.99,medium,low,6,namesilo,,,20/09/2026 12:14
279f52e2-03f8-44d8-92c6-ba2566aa2167,sutherland.hiphop,available,23.99,23.99,medium,low,10,namesilo,,,25/09/2026 04:37
f70c6249-3846-4185-b52f-5f9115fd1be4,microscopic.hiphop,available,20.9,20.9,high,low,11,spaceship,,,29/09/2026 08:46
6ad2d2ff-42a6-449b-8c2e-90d6f37ed28e,harriet.hiphop,available,20.9,20.9,high,low,7,spaceship,,,27/09/2026 22:29
478d0e25-cc86-4013-889e-7a9b27376f1a,gush.hiphop,available,23.99,23.99,high,low,4,namesilo,,,22/08/2026 13:07
c8e423b8-a373-49b3-ae1d-6bd36a36e4ce,enraged.hiphop,available,23.99,23.99,medium,low,7,namesilo,,,
82541285-15d0-4a9a-9045-65d12ac2751f,fly.hiphop,premium,650,130,high,medium,3,namecheap,,,24/09/2026 20:39
b1624762-9ed8-4a17-849e-f87f5c179d94,coiled.hiphop,available,23.99,23.99,medium,low,6,namesilo,,,12/08/2026 16:07
346046d4-b2e9-4dbe-9d2c-696c5bd341c4,hopping.hiphop,available,20.9,20.9,medium,low,7,spaceship,,,01/10/2026 05:32
8f5858ef-bbeb-40d7-85f0-6464e0272294,spokesman.hiphop,available,23.99,23.99,high,low,9,namesilo,,,29/09/2026 08:06
21ad2ea8-9a34-4628-992f-5d028b9b44e0,adm.hiphop,premium,640,116,high,low,3,namesilo,,,03/10/2026 04:02
10e51aa1-336c-47d0-af27-a518ba1b1299,noose.hiphop,available,25.98,33.98,medium,low,5,namecheap,,,03/10/2026 01:41
bed563e3-84d0-4c11-b29d-8dd4b1725750,phyllodial.hiphop,available,25.98,33.98,high,medium,10,namecheap,,,08/09/2026 19:25
11a58320-04d4-411e-b108-8e2713b22ae3,terrifies.hiphop,available,23.99,23.99,low,low,9,namesilo,,,18/09/2026 07:37
d1960278-46b4-4a87-9df0-9aaa64f274ee,vivaldi.hiphop,available,23.99,23.99,high,low,7,namesilo,,,19/09/2026 15:40
57234bbc-74a8-475b-bcbe-8e05f2276600,autoloader.hiphop,available,23.99,23.99,medium,low,10,namesilo,,,21/09/2026 06:48
7285acf7-f538-49d9-8587-8fceb6572ec9,aigret.hiphop,available,25.98,33.98,medium,low,6,namecheap,,,17/09/2026 20:56
0eee94fb-0cba-4e60-847a-dcab73623530,quarrying.hiphop,available,20.9,20.9,medium,low,9,spaceship,,,02/10/2026 06:09
ca7f5af1-a238-4497-9e22-952449f0cd40,fatten.hiphop,available,23.99,23.99,medium,low,6,namesilo,,,17/08/2026 23:09
79c6f03c-1cf7-4aca-8e0b-c15b75a807e4,loathing.hiphop,available,23.99,23.99,medium,low,8,namesilo,,,16/09/2026 15:27
8f16e62a-b90c-49c5-9d4d-4a15c0644464,blithesome.hiphop,available,23.99,23.99,high,low,10,namesilo,,,10/08/2026 14:39
12095f18-7a53-42ca-891d-68aeb875ad92,barley.hiphop,available,23.99,23.99,high,low,6,namesilo,,,22/09/2026 06:33
2d58dbf5-dc5c-421c-9c75-c6a1508dc454,cassel.hiphop,available,27,,high,low,6,unstoppable,,,30/09/2026 13:49
89aa0e36-e3de-423f-a65e-d368d3b29f29,snipefish.hiphop,available,23.99,23.99,medium,low,9,namesilo,,,23/09/2026 06:28
4cc6b45e-00b7-4e9b-8cd1-ee6dd287298a,arousal.hiphop,available,25.98,33.98,high,medium,7,namecheap,,,09/09/2026 19:07
a6aaf68f-1208-4fb1-aa33-84a46a7ccabf,spaced.hiphop,available,23.99,23.99,high,medium,6,namesilo,,,10/09/2026 15:03
a44c085b-d19f-4f0f-bce5-e35c5d255a08,biogenetic.hiphop,available,25.98,33.98,medium,low,10,namecheap,,,10/08/2026 01:12
9310ac2b-7d09-4b50-9bcf-db6d875774af,organised.hiphop,available,23.99,23.99,high,low,9,namesilo,,,26/09/2026 00:28
a741efba-198e-430a-9eea-fb28d16eefa8,collegiate.hiphop,available,23.99,23.99,high,low,10,namesilo,,,12/08/2026 17:08
8438c166-95ec-4055-a1d7-44437600bc90,anatole.hiphop,available,27,,medium,low,7,unstoppable,,,02/10/2026 20:01
735c2978-7326-41b7-9eb8-a16b10f3262c,sotho.hiphop,available,23.99,23.99,medium,low,5,namesilo,,,10/09/2026 14:39
5fdf43e4-2d69-4354-94c3-f3f11a92ce79,vir.hiphop,premium,640,116,medium,low,3,namesilo,,,29/09/2026 23:48
7d597f35-8b9b-4bc3-b70c-dcb93719ed42,blackseed.hiphop,available,23.99,23.99,medium,low,9,namesilo,,,24/09/2026 03:00
3bca153d-2b13-44db-ac3e-2f13cae2d134,advertised.hiphop,available,23.99,23.99,medium,low,10,namesilo,,,
e004533f-376e-4a30-9104-a01ccdec7cc8,conventions.hiphop,available,20.9,20.9,medium,low,11,spaceship,,,29/09/2026 16:17
34d7c386-39b9-4f57-b96e-3ec5a59c6c14,biblical.hiphop,available,25.98,33.98,medium,low,8,namecheap,,,09/08/2026 18:53
2994953c-cde4-4af3-8075-bf7440e7b5c4,winterhaven.hiphop,available,20.9,20.9,medium,low,12,spaceship,,,02/10/2026 19:09
317f7861-5d0e-4734-84fc-c5690dedc420,difference.hiphop,available,20.9,20.9,high,low,10,spaceship,,,29/09/2026 14:33
05796fd9-191e-4aa0-a36a-4e8a5b576bda,sunday.hiphop,available,27,23.99,high,low,6,unstoppable,,,29/09/2026 02:45
351cf65b-4469-43e3-9240-3f4a853b26af,conn.hiphop,available,27,,high,low,4,unstoppable,,,29/09/2026 14:12
6476185a-1620-4ff6-ae93-a0858f247990,pablo.hiphop,available,27,,high,low,5,unstoppable,,,28/09/2026 11:58
4bfc03e8-0c6d-4c45-8d00-f9af663442b8,pave.hiphop,available,23.99,23.99,high,low,4,namesilo,,,03/10/2026 01:45
f106933f-0153-4bdb-bc84-bc4320f22dc3,sensually.hiphop,available,23.99,23.99,medium,low,9,namesilo,,,16/09/2026 00:58
dbb64ed0-c9da-4940-a5df-81859c66cffa,archway.hiphop,available,23.99,23.99,high,low,7,namesilo,,,20/09/2026 02:39
e5f547cd-748f-4268-9c9d-12b92647fcf2,danes.hiphop,available,23.99,23.99,medium,low,5,namesilo,,,30/09/2026 14:16
2f21bfa3-a274-4b33-bdce-bfbff9a4a51b,thurber.hiphop,available,23.99,23.99,medium,low,7,namesilo,,,03/10/2026 01:21
29aaf025-ea49-4a16-b04b-9139ebee7e83,relapsing.hiphop,available,23.99,23.99,medium,low,9,namesilo,,,09/09/2026 16:17
101ab490-628d-4a62-8777-2c74bafc230b,unassuming.hiphop,available,23.99,23.99,high,low,10,namesilo,,,27/09/2026 13:26
c1ab3c63-3e44-40e5-8b6c-75138f431431,rodger.hiphop,available,21.11,21.11,medium,low,6,porkbun,,,02/10/2026 08:24
c116096a-ca5f-451c-8f22-7fe878153758,decadent.hiphop,available,25.98,33.98,high,low,8,namecheap,,,13/08/2026 20:50
0a5cdd11-e51f-4dfe-8664-cbfb7fe6588b,distracted.hiphop,available,23.99,23.99,medium,low,10,namesilo,,,14/08/2026 13:08
4f2d5b66-35a0-44e5-80be-3882ba3f52f5,cries.hiphop,available,27,,low,low,5,unstoppable,,,28/09/2026 08:31
befe091e-afda-47c5-9f94-764e47401ea5,trifle.hiphop,available,23.99,23.99,high,low,6,namesilo,,,13/09/2026 08:07
58d85c2d-3a17-4d8b-96a7-32eff39b6224,backfire.hiphop,available,23.99,23.99,high,low,8,namesilo,,,21/09/2026 15:28
553c11b8-e2da-4617-b0d5-43c9573f691a,slain.hiphop,available,23.99,23.99,medium,low,5,namesilo,,,10/09/2026 09:53
5b9e40bc-bd4e-4f71-bb91-1185192beedf,surfing.hiphop,available,20.9,20.9,high,low,7,spaceship,,,29/09/2026 02:15
56198503-675a-42da-9b7b-eeb3cc22bf9b,spectator.hiphop,available,27,,high,low,9,unstoppable,,,29/09/2026 13:19
381c962a-e010-405c-a89d-2a1d2573abf4,disneyland.hiphop,available,20.9,20.9,high,low,10,spaceship,,,29/09/2026 16:04
4e5a9019-871e-4b37-98b6-f20c5869d87d,neritic.hiphop,available,23.99,23.99,medium,low,7,namesilo,,,03/09/2026 15:41
afb54c96-45e2-426f-af8e-9d0f6255deaa,calling.hiphop,available,23.99,23.99,high,low,7,namesilo,,,24/09/2026 11:48
c4d7939b-c410-46e1-a8b7-4f78a9dc5103,returned.hiphop,available,27,23.99,high,low,8,unstoppable,,,01/10/2026 19:02
8c90b0ff-85a2-419e-83e1-b30de5d87b03,blackberry.hiphop,available,23.99,23.99,high,low,10,namesilo,,,24/09/2026 02:06
6ed7a471-4feb-4e3b-b806-1aca26fdc923,firstborn.hiphop,available,23.99,23.99,high,low,9,namesilo,,,16/08/2026 02:17
00253e5e-0c48-4895-a759-336669d21be3,gamy.hiphop,available,25.98,33.98,medium,low,4,namecheap,,,18/08/2026 19:55
99017fd0-6e2c-4a05-8330-014070f1a370,uncovering.hiphop,available,23.99,23.99,medium,low,10,namesilo,,,22/09/2026 06:00
3631fbfa-651f-41f0-9fcc-b30b9b7a9e46,via.hiphop,premium,640,116,high,medium,3,namesilo,,,28/09/2026 15:38
8fd1775c-a4b8-4585-a147-faeb197259b5,jailed.hiphop,available,23.99,23.99,medium,low,6,namesilo,,,19/09/2026 04:16
8be351fb-a84b-467c-bdcf-aa6a1d786372,pixel.hiphop,available,20.9,20.9,high,high,5,spaceship,,,01/10/2026 21:14
36c3423f-d3f8-4c23-a251-883dad233872,columns.hiphop,available,20.9,20.9,low,low,7,spaceship,,,28/09/2026 23:03
1fc0dab4-bc7d-4c29-9e86-342f0e328c05,fueled.hiphop,available,23.99,23.99,medium,low,6,namesilo,,,18/08/2026 17:37
57691b1f-41e8-46f7-a0db-aeed109780eb,thwart.hiphop,available,23.99,23.99,medium,low,6,namesilo,,,09/09/2026 08:15
a5ebe032-ec33-46ad-a13c-5ef48f6eaa92,cardiac.hiphop,available,25.98,33.98,high,low,7,namecheap,,,11/08/2026 18:53
d723b801-dcc5-4446-bb8a-eb83c9fe4a2a,undeserved.hiphop,available,23.99,23.99,medium,low,10,namesilo,,,12/09/2026 07:43
fa07c267-cd59-43c1-94fe-9db7447692b6,fifth.hiphop,available,23.99,23.99,high,low,5,namesilo,,,
c78d408d-466f-48e5-97f1-7890642f28c4,washing.hiphop,available,23.99,23.99,high,low,7,namesilo,,,30/09/2026 02:11
3ce5c9a4-4804-4a50-a420-8489df7ba400,dash.hiphop,available,43.99,43.99,high,medium,4,godaddy,,,28/09/2026 01:44
c8175c5a-7606-448e-ba74-1336b181659f,prolix.hiphop,available,23.99,23.99,medium,low,6,namesilo,,,09/09/2026 03:04
b49ea747-023c-4b36-9b50-334a40edd2ab,bmc.hiphop,premium,650,130,high,medium,3,namecheap,,,30/09/2026 13:56
aecc1b16-c99a-41a9-9465-6b80308fd4ad,laboured.hiphop,available,23.99,23.99,medium,low,8,namesilo,,,22/08/2026 17:40
ac89eb0e-77aa-49e9-8c5d-43b8187f194c,benito.hiphop,available,20.9,20.9,medium,low,6,spaceship,,,27/09/2026 19:23
3c4a11ac-2aca-4d6f-8b92-a9f211c0347d,annapolis.hiphop,available,23.99,23.99,medium,low,9,namesilo,,,19/09/2026 10:10
084d3bfd-c588-4a01-a73a-85e489380a80,eldest.hiphop,available,23.99,23.99,high,low,6,namesilo,,,16/08/2026 02:19
8ab6a48b-9515-4eb4-9417-46c9e8c66abf,portals.hiphop,available,20.9,20.9,high,low,7,spaceship,,,01/10/2026 17:55
62c583cf-992a-430b-9c8a-67a149c461f7,erotically.hiphop,available,23.99,23.99,medium,low,10,namesilo,,,14/09/2026 15:58
8048f773-b498-4a37-8aa4-b2a7305380a9,darkening.hiphop,available,34.99,41.99,medium,low,9,name.com,,,13/08/2026 18:10
5ddfbcd1-aaca-49e0-9de7-a80a64126936,ineffable.hiphop,available,23.99,23.99,high,low,9,namesilo,,,22/08/2026 02:45
ab4c58fa-e670-48cb-be4c-ab478cf283f4,babylonia.hiphop,available,23.99,23.99,high,low,9,namesilo,,,21/09/2026 13:51
a4587ead-dfca-45da-9591-39cadd902e61,thundering.hiphop,available,23.99,23.99,high,low,10,namesilo,,,11/09/2026 15:14
e77d09b7-543a-45be-8d65-29f7262eaba8,horizons.hiphop,available,23.99,23.99,medium,low,8,namesilo,,,30/09/2026 15:32
aca3390d-a50c-4bbc-8175-a81e7ade276e,confirm.hiphop,available,25.98,33.98,high,low,7,namecheap,,,27/09/2026 05:57
a1d98718-144a-4a41-9829-d49136e439fa,lyttelton.hiphop,available,20.9,20.9,medium,low,9,spaceship,,,02/10/2026 01:07
2f0b8295-be5f-448b-b228-3cca7ee22f62,pastel.hiphop,available,23.99,23.99,high,low,6,namesilo,,,08/09/2026 10:04
29098a17-53ba-4638-88f2-c581ac4b46ee,agassiz.hiphop,available,25.98,33.98,medium,low,7,namecheap,,,17/09/2026 16:23
b58e6bb8-b0ba-4a96-a847-2261614e757d,hardman.hiphop,available,27,,medium,low,7,unstoppable,,,02/10/2026 21:07
32700cc3-22fb-47da-b485-b792cbf2034e,akka.hiphop,available,23.99,23.99,high,low,4,namesilo,,,16/09/2026 22:23
5e9878e7-1064-47e6-b2bd-d5647def0930,donated.hiphop,available,23.99,23.99,medium,low,7,namesilo,,,29/09/2026 00:11
115b0bd7-6911-4856-ae05-3f62d1726a38,sharpened.hiphop,available,23.99,23.99,high,medium,9,namesilo,,,10/09/2026 06:03
cef2e4bc-96f3-4bf0-b079-a0c71359e930,practically.hiphop,available,23.99,23.99,high,low,11,namesilo,,,25/09/2026 11:39
add5d5a6-2719-497a-a7d4-7ae16ad215c5,flattery.hiphop,available,20.9,20.9,medium,low,8,spaceship,,,02/10/2026 04:53
78af4738-75e5-42f8-9c28-982c943dc43f,namely.hiphop,available,20.9,20.9,medium,low,6,spaceship,,,28/09/2026 16:21
4c9ad2fb-228c-48a2-86bf-b8859f1500b8,mobilize.hiphop,available,23.99,23.99,high,low,8,namesilo,,,01/10/2026 04:12
cddb04c5-a953-4605-93e3-29a882e260fa,typewriters.hiphop,available,23.99,23.99,medium,low,11,namesilo,,,21/09/2026 07:13
df179743-a358-4b4c-9e3d-e9d92eaffe0f,bygone.hiphop,available,23.99,23.99,medium,low,6,namesilo,,,11/08/2026 12:06
6849c6b2-a965-4b1d-9a8c-45ab53e42701,rages.hiphop,available,23.99,23.99,low,low,5,namesilo,,,20/09/2026 11:24
24e5cc7c-11bf-4680-a0fc-ae68ea6c81f4,agamid.hiphop,available,23.99,23.99,medium,low,6,namesilo,,,17/09/2026 16:08
182a0511-d844-4bf1-857f-8375fe35dadf,entrant.hiphop,available,23.99,23.99,medium,low,7,namesilo,,,18/08/2026 07:36
01571db4-46cc-4b81-a998-582d7f4f0765,hosmer.hiphop,available,27,,medium,low,6,unstoppable,,,02/10/2026 10:04
27a777ad-2353-41b4-b4ff-338ac2892302,archangel.hiphop,available,23.99,23.99,high,low,9,namesilo,,,19/09/2026 05:59
9ea2c05b-5ab3-4b12-b109-469fbf4641ac,cambridge.hiphop,available,23.99,23.99,high,low,9,namesilo,,,24/09/2026 11:51
76552e58-ae56-4825-b938-df52a01b6fb4,ninety.hiphop,available,25.98,33.98,high,low,6,namecheap,,,
aec037b7-e823-429b-9e48-344f154cfdc4,testator.hiphop,available,23.99,23.99,medium,low,8,namesilo,,,11/09/2026 12:02
6b070956-e94c-478f-ac44-0b3ac1f157c9,kramer.hiphop,available,23.99,23.99,high,low,6,namesilo,,,25/09/2026 11:57
f37e2c08-36d4-4ecb-98e7-7fbb4c6aecea,larson.hiphop,available,25.98,33.98,medium,low,6,namecheap,,,27/09/2026 01:48
a9496f77-bf14-4422-aae4-9be28719a6f8,yarrow.hiphop,available,23.99,23.99,medium,low,6,namesilo,,,17/09/2026 00:36
10a0c06c-6761-44e5-bba5-6b1560974445,margery.hiphop,available,20.9,20.9,medium,low,7,spaceship,,,30/09/2026 04:51
26144931-7297-48ed-b602-f6c608dd64bf,crimes.hiphop,available,27,,high,low,6,unstoppable,,,01/10/2026 21:40
c6f891e3-576d-46a5-9da4-4e550168e7d4,odor.hiphop,available,25.98,33.98,high,low,4,namecheap,,,20/09/2026 08:25
6a2bd658-64e7-4a34-a7c6-2a71504bbdd8,tremendously.hiphop,available,20.9,20.9,medium,low,12,spaceship,,,30/09/2026 19:57
c4de6b40-9b22-47ee-9d18-c17b9ae993db,explored.hiphop,available,20.9,20.9,medium,low,8,spaceship,,,29/09/2026 23:24
3f256849-6f82-48b1-b958-ed3af0cbb1a4,recycled.hiphop,available,23.99,23.99,high,low,8,namesilo,,,
06088f22-fa31-4a9f-aed1-fe8c716c829f,matthews.hiphop,available,25.98,33.98,high,low,8,namecheap,,,25/09/2026 19:36
5d503079-738a-4e80-80aa-bf34ce0ed996,solid.hiphop,available,21.62,21.62,high,medium,5,dynadot,,,27/09/2026 17:59
00d740ed-04a4-439e-a971-39f67caa02e6,power.hiphop,available,23.99,23.99,high,medium,5,namesilo,,,08/09/2026 07:25
8230c736-164f-4cc9-97e0-dc9a23edcb8a,amplifies.hiphop,available,34.99,41.99,medium,low,9,name.com,,,17/09/2026 20:54
5f4e104f-4b17-4ae3-8477-ece114cefb4f,threescore.hiphop,available,23.99,23.99,medium,low,10,namesilo,,,
9dad0115-5360-4365-8705-b51077b659d5,barely.hiphop,available,20.9,20.9,medium,low,6,spaceship,,,27/09/2026 18:14
330c48fe-7bee-4dd2-8206-0a9498850e4c,aversion.hiphop,available,23.99,23.99,medium,low,8,namesilo,,,19/09/2026 14:54
3f7f3f97-634f-4ec0-963a-7c68b0ee0bd1,modular.hiphop,available,23.99,23.99,high,high,7,namesilo,,,25/08/2026 03:17
7c96bfa1-bbff-4d60-9e1d-274b5096be56,rolfe.hiphop,available,23.99,23.99,medium,low,5,namesilo,,,30/09/2026 05:32
a066ab57-58b1-4f98-8e22-74ede73b7ca3,hosts.hiphop,available,25.98,33.98,medium,low,5,namecheap,,,18/09/2026 22:23
ca6c88ae-7d00-4b0b-b10d-3e12401248a9,liao.hiphop,available,23.99,23.99,medium,low,4,namesilo,,,29/09/2026 01:35
ca8d33ce-95e2-44a7-8e59-f8dd8fb85328,agincourt.hiphop,available,25.98,33.98,medium,low,9,namecheap,,,17/09/2026 17:59
d7c8450b-52d8-407f-a709-70011720c4d5,pinter.hiphop,available,27,,medium,low,6,unstoppable,,,02/10/2026 05:11
75205648-a065-4746-a61b-d5d3c9da524d,theoretical.hiphop,available,23.99,23.99,medium,low,11,namesilo,,,29/09/2026 03:03
f30ddcff-9049-4873-978b-d71d7c4bf7c2,gustav.hiphop,available,25.98,33.98,medium,low,6,namecheap,,,25/09/2026 21:40
8e18a5f7-a327-4925-8082-5ac37351d3d3,bassine.hiphop,available,23.99,23.99,medium,low,7,namesilo,,,22/09/2026 12:22
9e9770ac-c101-43e5-9c64-865c89f36e0a,benzocaine.hiphop,available,25.98,33.98,medium,low,10,namecheap,,,23/09/2026 08:58
cbe365e4-1ebc-4ea2-9c9a-d10ca7d5bb16,conduct.hiphop,available,23.99,23.99,high,low,7,namesilo,,,23/09/2026 03:13
387bcb5e-78b6-4fe5-90e4-157d0977493c,negotiations.hiphop,available,25.98,33.98,medium,low,12,namecheap,,,17/09/2026 08:01
3a874284-6602-44d5-b9e0-9a5e3cc09d45,cling.hiphop,available,25.98,33.98,high,low,5,namecheap,,,24/09/2026 15:42
5f2a174a-cd46-4f1f-a81b-129cd3c156f4,willard.hiphop,available,25.98,33.98,medium,low,7,namecheap,,,25/09/2026 05:33
7fcc3de4-0ac6-4fdb-adcd-db7682607e79,musset.hiphop,available,25.98,33.98,medium,low,6,namecheap,,,18/09/2026 06:29
38cdec31-e72b-43d5-bf1b-a0fd4915757e,hillsboro.hiphop,available,21.11,21.11,medium,low,9,porkbun,,,29/09/2026 04:37
d72fe738-4ba1-405b-b831-44595592e8d4,roller.hiphop,available,27,,high,low,6,unstoppable,,,29/09/2026 13:05
58f03509-a470-42e4-95a9-a216595f2bce,cinnamon.hiphop,available,25.98,33.98,high,low,8,namecheap,,,29/09/2026 07:51
a7b993c8-e173-4389-9776-07cb117c654c,fluently.hiphop,available,25.98,33.98,high,low,8,namecheap,,,14/09/2026 19:08
1a1dc192-ae3a-44d7-a2e7-475d16f82aae,picaresque.hiphop,available,25.98,33.98,high,medium,10,namecheap,,,08/09/2026 19:30
f6194eea-9446-408e-8473-6ee74336f191,basely.hiphop,available,23.99,23.99,medium,low,6,namesilo,,,13/09/2026 23:35
07be3db3-f9bd-4585-add6-93b0e9b7d7d9,verpa.hiphop,available,23.99,23.99,medium,low,5,namesilo,,,23/09/2026 05:34
a441fc76-e9b8-4b42-957b-8d73dfdd130d,barrow.hiphop,available,23.99,23.99,medium,low,6,namesilo,,,22/09/2026 08:41
16b441b0-6f3f-43e2-b879-c61d7c7d1f97,sauciness.hiphop,available,23.99,23.99,medium,low,9,namesilo,,,20/09/2026 02:25
a9c108d1-bed5-4b24-8ae6-457d844e8fb4,isomers.hiphop,available,25.98,33.98,medium,low,7,namecheap,,,29/09/2026 11:02
5ee8e044-8101-4654-b842-5d735f4d2fb8,pairs.hiphop,available,23.99,23.99,medium,low,5,namesilo,,,16/09/2026 14:58
1cd360c3-8c44-49bf-97bd-4b49d4e7fd22,niebuhr.hiphop,available,23.99,23.99,medium,low,7,namesilo,,,22/09/2026 09:08
a739d7f0-e8f8-4e65-b9c9-507642318de5,attack.hiphop,available,23.99,23.99,high,low,6,namesilo,,,02/10/2026 12:50
2073c68b-07c7-471e-a597-d64a07e32d5b,naturalism.hiphop,available,20.9,20.9,high,low,10,spaceship,,,29/09/2026 13:32
ad7cff64-2b17-48f4-b4f9-fb80b2d05e89,purana.hiphop,available,23.99,23.99,medium,low,6,namesilo,,,02/10/2026 06:08
87eed218-328f-4c6a-9c63-7485dc743880,mccomb.hiphop,available,20.9,20.9,medium,low,6,spaceship,,,02/10/2026 20:13
37c9ef71-f0fc-4c90-81a7-1793d3681db2,vitamin.hiphop,available,23.99,23.99,high,low,7,namesilo,,,08/09/2026 14:16
18848c35-c394-41f8-bde3-ab80ae9acf72,sections.hiphop,available,21.62,21.62,medium,low,8,dynadot,,,29/09/2026 05:14
ea636554-72c1-4d31-88a4-d22a79ea26cb,nafta.hiphop,available,23.99,23.99,medium,low,5,namesilo,,,29/09/2026 07:38
6aa804c2-64eb-44ae-a275-aa53e39b6a5c,fired.hiphop,available,23.99,23.99,medium,low,5,namesilo,,,24/09/2026 11:05
37c42978-407a-47bd-9da5-05bde6007a50,whiff.hiphop,available,23.99,23.99,high,low,5,namesilo,,,09/09/2026 05:39
d61c280a-b88b-4270-8a17-8eaf81b9e473,doughnuts.hiphop,available,23.99,23.99,medium,low,9,namesilo,,,02/10/2026 23:12
b31ea0fe-ba81-4a34-8143-a43fc573bdbf,tread.hiphop,available,27,,high,low,5,unstoppable,,,30/09/2026 02:58
42853879-d027-4faf-a585-e7c811ea3846,gonzales.hiphop,available,20.9,20.9,medium,low,8,spaceship,,,27/09/2026 20:26
962f8368-34ad-4702-862a-aefd91257973,interbrain.hiphop,available,25.98,33.98,medium,low,10,namecheap,,,23/09/2026 11:55
03e6cfc9-1c55-4d1f-9aac-9b79e3066ac7,kicked.hiphop,available,25.98,33.98,medium,low,6,namecheap,,,25/09/2026 19:40
a88bebf2-de3f-4a19-a3af-fbc3fd79c506,further.hiphop,available,23.99,23.99,high,low,7,namesilo,,,24/09/2026 17:03
192f598f-cbb9-4244-9126-140f1d6d78f4,mackenzie.hiphop,available,23.99,23.99,high,low,9,namesilo,,,25/09/2026 21:54
ac16ac10-6880-493b-92d8-8cb25edc82c6,rapt.hiphop,available,23.99,23.99,high,low,4,namesilo,,,14/08/2026 23:50
26688e0d-110d-4ed2-9537-4f88f50d66d6,beast.hiphop,available,23.99,23.99,high,low,5,namesilo,,,22/09/2026 04:42
d4734ce9-b645-4f99-903f-c995d3f41950,audiences.hiphop,available,27,,medium,low,9,unstoppable,,,29/09/2026 11:20
d5954498-1595-4b0d-9352-82eb52afb64e,krug.hiphop,available,23.99,23.99,high,medium,4,namesilo,,,02/10/2026 13:10
3049761a-75bf-4aea-848f-9760d6661ad4,pickaback.hiphop,available,23.99,23.99,medium,low,9,namesilo,,,15/09/2026 19:48
f3e5e75f-7d1b-4e5a-9076-e7595e48cd70,verne.hiphop,available,21.11,21.11,medium,low,5,porkbun,,,29/09/2026 01:27
894b2e9a-f3ac-44b4-87ae-823c3445cd62,protozoan.hiphop,available,23.99,23.99,medium,low,9,namesilo,,,09/09/2026 04:12
d3c71ecf-94cb-4ddd-8da4-cf5ad9684400,dodd.hiphop,available,20.9,20.9,high,low,4,spaceship,,,30/09/2026 12:38
4ce58ac9-fa09-462c-8ea2-a2c9f910dc1d,humiliate.hiphop,available,43.99,43.99,medium,low,9,godaddy,,,01/10/2026 01:19
b4864866-7c80-4f26-a041-d98a618dc268,stylishly.hiphop,available,23.99,23.99,medium,low,9,namesilo,,,16/09/2026 07:28
20921cbf-e008-442c-9092-37beaa8d3352,signalise.hiphop,available,23.99,23.99,high,medium,9,namesilo,,,10/09/2026 08:02
d77133e4-30ad-45ca-9b5d-d0a1f0f84497,kmt.hiphop,premium,517.7,103.7,medium,low,3,spaceship,,,29/09/2026 22:33
78e8e2bc-0766-44a9-85b3-ec358062b283,chant.hiphop,available,23.99,23.99,high,low,5,namesilo,,,24/09/2026 13:41
82ae11f4-032c-436a-99ff-05721a53a7d1,romances.hiphop,available,20.9,20.9,medium,low,8,spaceship,,,02/10/2026 03:39
7c8ddb0e-808f-4ace-98b4-d7b60b3e8ee9,capsule.hiphop,available,23.99,23.99,high,low,7,namesilo,,,01/10/2026 15:32
f66423ff-c526-444c-888c-5813b8b10d9c,frustration.hiphop,available,20.9,20.9,medium,low,11,spaceship,,,28/09/2026 17:13
68ff1f54-194c-4963-8884-26bec0ce086c,cathay.hiphop,available,25.98,33.98,medium,low,6,namecheap,,,02/10/2026 14:36
fd2af660-4123-4f4e-8254-d876ce6314b0,refundable.hiphop,available,27,23.99,high,low,10,unstoppable,,,02/10/2026 00:56
20debd2b-722e-433a-b508-b2c7d0dce8bb,respectively.hiphop,available,25.98,33.98,medium,low,12,namecheap,,,01/10/2026 18:07
13527434-1d13-494a-b6c5-ff609137fcef,isp.hiphop,premium,500.2,,high,low,3,unstoppable,,,29/09/2026 20:49
aced5fbe-691d-4d43-aa06-396af2789096,abilities.hiphop,available,23.99,23.99,high,low,9,namesilo,,,17/09/2026 04:45
3941e0cc-44cb-4060-b8ef-628cef3e2201,lunch.hiphop,available,23.99,23.99,high,low,5,namesilo,,,29/09/2026 13:42
1f3e78df-09b4-4f81-90fb-ae9869c628ad,moshe.hiphop,available,20.9,20.9,medium,low,5,spaceship,,,28/09/2026 12:12
a7ad6095-de4f-4c22-9174-c0cebcab4a5a,redial.hiphop,available,23.99,23.99,high,low,6,namesilo,,,16/09/2026 12:47
8fbaa189-4fb0-4ad6-b29d-68c7fbdeb709,tow.hiphop,premium,640,116,high,low,3,namesilo,,,30/09/2026 13:23
6b4bb637-a4e7-431d-8445-345f1737926d,favour.hiphop,available,25.98,33.98,high,low,6,namecheap,,,25/09/2026 05:51
5d28572a-0dfc-47c4-ab28-edc6cd454e75,roses.hiphop,available,25.98,33.98,high,low,5,namecheap,,,17/09/2026 21:17
c6a91878-6c0a-4064-b99a-0140281d91e9,budgets.hiphop,available,23.99,23.99,medium,low,7,namesilo,,,02/10/2026 12:44
66d191f3-e08d-44d8-9c1e-25dbcc8a0232,zapata.hiphop,available,20.9,20.9,high,low,6,spaceship,,,29/09/2026 18:45
1ab26673-4330-4d03-b31d-b46f5929c314,connoisseur.hiphop,available,21.62,21.62,high,low,11,dynadot,,,02/10/2026 10:39
9fd6c3a5-04a9-463d-8012-2ae3ba74cb4e,underserved.hiphop,available,20.9,20.9,medium,low,11,spaceship,,,30/09/2026 03:54
39445918-34e2-4a38-b206-cff3df13a7c5,umbilical.hiphop,available,23.99,23.99,high,low,9,namesilo,,,11/09/2026 23:00
6242f6f1-4a59-46c6-8cd5-94b51ddb8f92,dimaggio.hiphop,available,27,,high,low,8,unstoppable,,,03/10/2026 00:30
6c98faf7-1f2e-4368-88cf-7858245273df,neighboring.hiphop,available,20.9,20.9,high,low,11,spaceship,,,03/10/2026 00:51
6625fc90-b091-4618-92c8-122aa9adca15,bribed.hiphop,available,20.9,20.9,low,low,6,spaceship,,,02/10/2026 13:46
08676d19-d3af-403d-ba92-77a49e20cccd,idly.hiphop,available,23.99,23.99,high,low,4,namesilo,,,15/09/2026 01:38
8a130900-6b3b-4ed2-b9f4-66bc9e91b5f7,sinewy.hiphop,available,23.99,23.99,medium,low,6,namesilo,,,11/08/2026 02:52
f599a3db-0ccd-4ac1-80ed-0aa519b52812,bowman.hiphop,available,23.99,23.99,medium,low,6,namesilo,,,20/09/2026 01:56
6938100c-0e3e-4b0e-b75b-e7e38c141c0e,engel.hiphop,available,27,,high,low,5,unstoppable,,,28/09/2026 04:50
f48a6704-9164-4e10-8ecb-3c221bf1ddab,perish.hiphop,available,27,,medium,low,6,unstoppable,,,29/09/2026 18:32
6ba1c6be-7d6f-4661-80e5-42a72c036e42,squashed.hiphop,available,23.99,23.99,medium,low,8,namesilo,,,10/09/2026 17:31
6a0e53ad-ec8e-4bbd-90e4-97ca96e3a060,arriver.hiphop,available,23.99,23.99,medium,low,7,namesilo,,,20/09/2026 09:16
8675b4e8-cfe9-40f2-9a8d-7a96a8c58ac8,ntsc.hiphop,available,20.9,20.9,high,low,4,spaceship,,,01/10/2026 15:18
f68c7d91-00ba-4abf-84f3-3f4e3da7ccce,rhombic.hiphop,available,23.99,23.99,medium,low,7,namesilo,,,09/09/2026 16:43
e138f5e9-0cac-4681-b930-eee812a37362,zag.hiphop,premium,640,116,high,low,3,namesilo,,,13/09/2026 15:17
bc74ef44-614f-486c-bc20-9b871400c372,airplanes.hiphop,available,20.9,20.9,medium,low,9,spaceship,,,28/09/2026 22:55
ac63a168-55ab-4bbc-ab21-47aa6382ac8d,tossing.hiphop,available,20.9,20.9,high,low,7,spaceship,,,30/09/2026 03:58
7255cdc4-7c4b-4bb4-bd7d-7a6e838f6e30,dwight.hiphop,available,27,,medium,low,6,unstoppable,,,28/09/2026 07:54
66adbe27-8c68-4c22-aee1-0216f9f16ae9,lockport.hiphop,available,27,,medium,low,8,unstoppable,,,30/09/2026 13:59
1d9cc149-acdd-428c-b9e0-7b823c7ce9b5,amorphous.hiphop,available,23.99,23.99,medium,low,9,namesilo,,,
4d66f719-60cb-49b5-b2aa-95beb6b19ebb,bioscience.hiphop,available,25.98,33.98,high,low,10,namecheap,,,23/09/2026 18:59
025e8921-e0d0-4d66-a6cc-d3fa3942942f,shout.hiphop,available,25.98,33.98,high,low,5,namecheap,,,29/09/2026 12:22
3f8fd423-8ed8-41ea-a734-8b33f4802224,nohow.hiphop,available,23.99,23.99,low,low,5,namesilo,,,15/09/2026 16:44
17e6a9b7-c9ef-4389-a11c-dd04f299d680,furs.hiphop,available,20.9,20.9,medium,low,4,spaceship,,,30/09/2026 23:22
7e37c1f4-765d-4551-8509-22a96d890c9e,organism.hiphop,available,20.9,20.9,high,low,8,spaceship,,,28/09/2026 15:00
82fdc337-d958-4dd9-9cee-08e1453aba93,burry.hiphop,available,23.99,23.99,medium,low,5,namesilo,,,08/08/2026 17:29
b86be805-c040-4333-90ee-68e3da5c9ba7,purposes.hiphop,available,20.9,20.9,medium,low,8,spaceship,,,02/10/2026 20:40
33495d83-6f12-4f7b-979f-2a6f6c5dde59,appreciate.hiphop,available,23.99,23.99,high,low,10,namesilo,,,27/09/2026 06:44
f7b1b60e-bbf1-40ae-bcc2-27baa73d494f,pressed.hiphop,available,23.99,23.99,high,low,7,namesilo,,,27/09/2026 05:21
f8432df4-8411-4267-90f6-e64e479a9aa4,suggesting.hiphop,available,20.9,20.9,high,low,10,spaceship,,,27/09/2026 17:56
13742afb-2da3-43b7-a831-8b440d6ad368,spheroidal.hiphop,available,25.98,33.98,medium,low,10,namecheap,,,16/08/2026 05:22
a6763351-0ed9-49d9-92f1-585e1c9e8998,furious.hiphop,available,,,high,low,7,,,,
3bc8cff4-fc58-41a2-9d9f-ab35ffebe9ca,bao.hiphop,premium,517.7,103.7,medium,low,3,spaceship,,,28/09/2026 21:38
837789ea-53f1-4eb5-92f1-5907402aec50,inch.hiphop,available,23.99,23.99,high,low,4,namesilo,,,25/09/2026 08:00
61d1a272-c434-45a8-aaba-07668b952613,damned.hiphop,available,23.99,23.99,medium,low,6,namesilo,,,22/09/2026 21:41
4ba996ed-cd98-4365-a95b-7d8fa4ca1ed7,aeneas.hiphop,available,23.99,23.99,medium,low,6,namesilo,,,17/09/2026 12:27
9ed2f3ba-0fd9-4914-82a2-a9401edd3986,thiamin.hiphop,available,34.99,41.99,medium,low,7,name.com,,,19/09/2026 05:39
e0a61073-4ab7-40c0-a675-8848f0bca907,parve.hiphop,available,23.99,23.99,medium,low,5,namesilo,,,08/09/2026 01:27
b60b080f-a153-4bc6-9f82-b4b47626470a,agronomist.hiphop,available,25.98,33.98,high,low,10,namecheap,,,17/09/2026 19:41
bb793bae-9273-4000-a882-d36c0f026661,napoleon.hiphop,available,20.9,20.9,medium,low,8,spaceship,,,28/09/2026 13:35
ac6659ab-99f4-4ce1-86ad-951fa380d9bf,cannons.hiphop,available,27,,medium,low,7,unstoppable,,,30/09/2026 16:08
2d50509d-d7c3-4bf7-aadf-aa06d2705f1c,rebirth.hiphop,available,23.99,23.99,high,low,7,namesilo,,,30/09/2026 02:16
3e8b74d7-7ac9-48de-8247-9fa15b3440d2,outlaw.hiphop,available,23.99,23.99,high,low,6,namesilo,,,24/09/2026 01:45
c22d2a67-486a-4c9b-bedf-7c35913215ba,secure.hiphop,available,20.9,20.9,high,medium,6,spaceship,,,01/10/2026 03:45
61e15c7e-3cca-4381-a52f-d78ee3d3859a,january.hiphop,available,23.99,23.99,high,low,7,namesilo,,,30/09/2026 00:38
e1aaa8d0-8dfe-40c3-b464-3b7ebb0a7c7f,blas.hiphop,available,23.99,23.99,medium,low,4,namesilo,,,30/09/2026 22:25
07a1253b-e46f-4716-9f3d-84e374a94410,bistre.hiphop,available,23.99,23.99,medium,low,6,namesilo,,,23/09/2026 22:12
4e3ffca5-7457-4293-a4c7-0b3529a4bf21,revocable.hiphop,available,23.99,23.99,medium,low,9,namesilo,,,09/09/2026 16:21
9375d0c4-0d6b-407e-abe7-30f80d7983a6,gums.hiphop,available,23.99,23.99,medium,low,4,namesilo,,,02/10/2026 02:18
3f4ec391-cf06-4d66-95f5-b394b9e28d25,aztec.hiphop,available,23.99,23.99,high,low,5,namesilo,,,21/09/2026 11:36
4b01c138-7f7d-4bf2-8b72-5bbc0684bf0b,upright.hiphop,available,23.99,23.99,high,low,7,namesilo,,,17/08/2026 12:05
019864f6-0406-48af-bf7c-d1851c450600,hewn.hiphop,available,23.99,23.99,medium,low,4,namesilo,,,20/08/2026 23:16
73edc31e-0294-40e3-9282-1b4c9bd538e2,acosta.hiphop,available,23.99,23.99,high,low,6,namesilo,,,29/09/2026 22:34
8770e406-b463-4871-903c-b58fcb840992,delays.hiphop,available,27,,low,low,6,unstoppable,,,29/09/2026 17:36
0c5fb423-15eb-41f7-8ff8-b6f511b2de0d,repulse.hiphop,available,23.99,23.99,high,medium,7,namesilo,,,10/09/2026 12:48
ecc243cd-aeb1-4441-bc48-8b2c00163250,colossus.hiphop,available,23.99,23.99,high,low,8,namesilo,,,23/09/2026 03:27
02c77226-4171-429d-add7-e090c3fce897,thirty.hiphop,available,23.99,23.99,high,low,6,namesilo,,,
44b65290-08e1-4b7f-b877-c089acc1d863,outwear.hiphop,available,23.99,23.99,medium,low,7,namesilo,,,13/09/2026 09:15
ddbdd07e-8959-4156-88e0-274e6329cc69,martins.hiphop,available,21.62,21.62,high,low,7,dynadot,,,02/10/2026 20:10
83eb62ed-fb65-4190-8aac-9025c4e84251,thereabout.hiphop,available,25.98,33.98,medium,low,10,namecheap,,,16/09/2026 08:39
be70708e-d132-4757-a2ce-dfcae614481b,politique.hiphop,available,27,,medium,low,9,unstoppable,,,02/10/2026 17:49
dbd2a578-39aa-4bc7-882c-8ca6f1e92e27,barite.hiphop,available,25.98,33.98,medium,low,6,namecheap,,,22/09/2026 06:13
c40e6dea-0bb2-44cd-8221-235bb3a777b4,telephone.hiphop,available,23.99,23.99,high,low,9,namesilo,,,26/09/2026 00:02
9e8049ba-6642-45ee-954c-bceebeaa625a,contender.hiphop,available,21.62,21.62,high,low,9,dynadot,,,30/09/2026 16:39
c4c37a80-b12b-4b24-a252-215afff124a1,molto.hiphop,available,23.99,23.99,medium,low,5,namesilo,,,15/09/2026 15:19
823fa40d-dda6-4b99-87c3-d6c7c3f66642,sustained.hiphop,available,23.99,23.99,high,low,9,namesilo,,,18/08/2026 14:51
28458121-50f5-4728-8063-41c8ac718ed4,goldman.hiphop,available,23.99,23.99,high,low,7,namesilo,,,25/09/2026 05:32
08231a64-9a4c-4dfa-ba2f-0fcce4e60e35,often.hiphop,available,27,,high,low,5,unstoppable,,,28/09/2026 14:58
1ef5b441-d765-4c35-9d7f-2a73faeed8b6,shakespeare.hiphop,available,20.9,20.9,high,low,11,spaceship,,,02/10/2026 08:48
c7847430-04e0-446d-b05a-5a12a5aeb6e6,gull.hiphop,available,23.99,23.99,high,low,4,namesilo,,,12/08/2026 15:08
2fa5760f-63ed-48c0-ad48-10552d9a7756,pyaemic.hiphop,available,23.99,23.99,high,medium,7,namesilo,,,09/09/2026 06:49
347d9a46-fdce-4379-97f6-8c9e87e1871a,molal.hiphop,available,23.99,23.99,medium,low,5,namesilo,,,25/08/2026 03:31
9f95e7d3-093c-431a-8667-87f049660b9c,items.hiphop,available,21.11,21.11,medium,low,5,porkbun,,,30/09/2026 21:02
e1a2f638-ab0c-4be5-baa0-c8049ee86215,monumental.hiphop,available,25.98,33.98,high,low,10,namecheap,,,25/09/2026 17:13
f0702aab-0c96-4425-aebf-816230feeebf,bead.hiphop,available,27,23.99,high,low,4,unstoppable,,,29/09/2026 01:38
cb072d4b-59f2-403b-9311-7070594891b5,sands.hiphop,available,23.99,23.99,high,low,5,namesilo,,,24/08/2026 07:38
53df2837-ce3b-45a1-b46f-7a12a6552771,mexicans.hiphop,available,23.99,23.99,medium,low,8,namesilo,,,18/09/2026 23:08
22123c08-f15a-4b52-939c-9b5a7df1b22e,hint.hiphop,available,23.99,23.99,high,low,4,namesilo,,,24/09/2026 16:07
33cda80a-171a-4ef0-94c5-362544b26c48,acquainted.hiphop,available,23.99,23.99,high,low,10,namesilo,,,28/09/2026 07:02
a648f9de-4736-4162-84e2-39e0bcca5e92,puzzlement.hiphop,available,23.99,23.99,medium,low,10,namesilo,,,21/09/2026 17:39
826003f2-0bc0-49ef-b0ba-3015c75860bf,adoringly.hiphop,available,23.99,23.99,medium,low,9,namesilo,,,13/09/2026 17:23
a3788ec9-2928-447a-99ef-36c425b29d48,positivity.hiphop,available,23.99,23.99,high,low,10,namesilo,,,17/09/2026 10:30
bc003223-2d5b-47d3-a8d4-78b1f23d4b52,unowned.hiphop,available,23.99,23.99,medium,low,7,namesilo,,,04/09/2026 22:16
e8b7f0ba-798f-4f0a-9211-85a79fb5a724,piglet.hiphop,available,25.98,33.98,high,low,6,namecheap,,,19/09/2026 22:30
19c5e774-7572-4722-a95b-1cdbc108ac42,lamellae.hiphop,available,20.9,20.9,low,low,8,spaceship,,,02/10/2026 12:00
c371db4a-1336-4d95-b22f-aec4a5d2166a,burst.hiphop,available,23.99,23.99,high,low,5,namesilo,,,24/09/2026 10:35
84fd8f32-4748-4df0-97eb-77c81792d4a1,oat.hiphop,premium,517.7,103.7,high,low,3,spaceship,,,02/10/2026 16:13
8749cf55-c851-4b32-8d86-60e8c922b757,modesty.hiphop,available,23.99,23.99,high,low,7,namesilo,,,30/09/2026 04:51
56eee978-cd49-4882-bf6a-e2bbecef3b1b,lillian.hiphop,available,23.99,23.99,medium,low,7,namesilo,,,26/09/2026 03:34
f5bad5fb-e6fe-4942-a604-9a39abda1c6d,duval.hiphop,available,23.99,23.99,medium,low,5,namesilo,,,28/09/2026 11:57
8b97a270-d45c-4bed-a03d-09c3fcfb4fd8,digby.hiphop,available,20.9,20.9,high,low,5,spaceship,,,29/09/2026 15:01
9773e1ea-109a-4edc-ba84-5d65fa3351fc,sculptural.hiphop,available,23.99,23.99,medium,low,10,namesilo,,,25/08/2026 02:53
fba4bc51-61b8-4f8c-8674-5e436433b47a,touching.hiphop,available,23.99,23.99,high,low,8,namesilo,,,
382355b5-0bf2-4ca8-996e-793366ac49b0,aboard.hiphop,available,20.9,20.9,high,low,6,spaceship,,,28/09/2026 11:33
a439862d-c89e-4368-ae36-fb743d693a12,chores.hiphop,available,25.98,33.98,medium,low,6,namecheap,,,29/09/2026 17:46
1ba03a6b-ad2f-4b75-b4dd-891a8e7e1b40,clarke.hiphop,available,21.11,21.11,high,medium,6,porkbun,,,29/09/2026 17:07
6fe1b994-fa33-4011-adf1-5c2b55b344cd,annul.hiphop,available,23.99,23.99,medium,low,5,namesilo,,,13/09/2026 06:39
27559d57-f04a-4656-82dd-ac6547b37902,exquisite.hiphop,available,25.98,33.98,high,low,9,namecheap,,,17/08/2026 18:54
1467e0a9-b287-429b-a5c4-78c9c82e8a10,scenarios.hiphop,available,20.9,20.9,medium,low,9,spaceship,,,29/09/2026 17:21
b9a6da7c-6200-4007-9926-9444e3404229,unsealed.hiphop,available,25.98,33.98,medium,low,8,namecheap,,,12/09/2026 19:07
d255dc9a-924f-40c3-a6e2-036ec5e5b3d5,antitumor.hiphop,available,25.98,33.98,high,low,9,namecheap,,,22/09/2026 06:40
ebf0843a-5d76-456c-a4a6-449b9d47d0f0,pill.hiphop,available,27,,medium,low,4,unstoppable,,,28/09/2026 21:31
cb4986ce-6256-4036-970d-2508d83642aa,dime.hiphop,available,27,23.99,high,low,4,unstoppable,,,29/09/2026 14:59
aae2aac6-0704-4253-8dcd-fb3d0a68d564,roseville.hiphop,available,27,,high,low,9,unstoppable,,,02/10/2026 01:09
5fa456cd-6047-4f70-82fe-cb5871bb832d,bremen.hiphop,available,23.99,23.99,high,low,6,namesilo,,,25/09/2026 21:59
5d8b4d6b-d634-4042-9950-3ef1eded474a,summons.hiphop,available,20.9,20.9,high,low,7,spaceship,,,29/09/2026 08:10
f9a3c640-bf20-49b9-80b6-5bf26ee850c0,slant.hiphop,available,23.99,23.99,high,low,5,namesilo,,,22/08/2026 22:07
55d12d56-322b-4128-8c93-a21c2aabebd5,humming.hiphop,available,23.99,23.99,high,low,7,namesilo,,,29/09/2026 07:18
0ab9d993-1cc6-4528-a45d-b9c711514391,uss.hiphop,premium,650,130,high,low,3,namecheap,,,25/09/2026 13:39
c3f2af36-eeca-4895-9840-2110ea899ae3,defended.hiphop,available,20.9,20.9,low,low,8,spaceship,,,29/09/2026 05:23
bef0d9e9-1e16-48c7-a183-22c438c60e9d,barbarous.hiphop,available,23.99,23.99,medium,low,9,namesilo,,,08/08/2026 15:40
4609f1a8-3d8b-4024-b704-bc96367047db,colon.hiphop,available,23.99,23.99,high,low,5,namesilo,,,20/09/2026 15:16
58aeb441-b77a-49d4-8fdd-030c63def896,unpredictable.hiphop,available,20.9,20.9,medium,low,13,spaceship,,,28/09/2026 15:57
fbc5f656-42f8-40e8-a967-d47ca3c6f3a1,assignments.hiphop,available,27,,medium,low,11,unstoppable,,,28/09/2026 18:20
021ee0ce-fd87-43c6-bbdf-e9612a1d2ef0,enrollment.hiphop,available,23.99,23.99,high,low,10,namesilo,,,02/10/2026 05:38
54d81d1e-24f6-496f-8146-2c98499f8d92,formidably.hiphop,available,23.99,23.99,medium,low,10,namesilo,,,14/09/2026 19:46
8e4194c4-32ac-461b-aa6e-e027b046a720,robbing.hiphop,available,21.11,21.11,medium,low,7,porkbun,,,28/09/2026 23:49
eeae52ff-1edf-4620-a7eb-417881191de2,laughable.hiphop,available,25.98,33.98,high,low,9,namecheap,,,23/09/2026 15:25
b14f9478-781a-4ddc-abc9-c5d94e232582,banal.hiphop,available,23.99,23.99,medium,low,5,namesilo,,,22/09/2026 16:37
8c24140c-3bb4-4fb8-bb45-f7b64b1435fa,halloween.hiphop,available,27,23.99,high,low,9,unstoppable,,,28/09/2026 20:33
0cdb9b16-bbb8-4590-9fd2-a2771be7040f,bow.hiphop,premium,640,116,high,low,3,namesilo,,,23/09/2026 01:50
e6e1e20c-0f32-4563-84f3-8ea8ac48fcb8,snobby.hiphop,available,23.99,23.99,medium,low,6,namesilo,,,12/08/2026 11:23
2dbaa509-b17d-4c3e-bb89-97660b181c4d,ease.hiphop,available,23.99,23.99,high,low,4,namesilo,,,27/09/2026 13:14
f0d851e3-6ad4-4c95-9645-31ba6a570882,manganese.hiphop,available,23.99,23.99,medium,low,9,namesilo,,,20/09/2026 22:40
833d5a57-25e9-442a-97a9-cc7e4961ae40,menlo.hiphop,available,21.11,21.11,medium,low,5,porkbun,,,29/09/2026 22:34
5264558a-03ab-4177-9de6-a34f6a108f64,panoramic.hiphop,available,25.98,33.98,high,low,9,namecheap,,,22/09/2026 21:06
0f680386-7b83-4476-bfed-7fdfa34493e2,unsheathed.hiphop,available,23.99,23.99,medium,low,10,namesilo,,,12/09/2026 19:47
ae5c7c76-a1f7-4435-b90f-d9f5cd2bbdb8,institute.hiphop,available,20.9,20.9,high,low,9,spaceship,,,28/09/2026 06:02
a442846c-9538-4e2c-bd4a-4e89281b182b,thorndike.hiphop,available,25.98,33.98,medium,low,9,namecheap,,,01/10/2026 01:41
b3ee19c4-759f-426d-afcb-a920dac47949,seasonal.hiphop,available,23.99,23.99,high,low,8,namesilo,,,10/09/2026 00:58
03fcb35c-a333-4b03-90df-add5180edf0e,sachs.hiphop,available,23.99,23.99,medium,low,5,namesilo,,,27/09/2026 01:53
0df03315-eac9-4f38-a3d4-3a82ebc761d1,ritz.hiphop,available,23.99,23.99,high,high,4,namesilo,,,30/09/2026 16:38
ad787f3c-61e6-460d-aa52-9f693d6274d7,concretely.hiphop,available,23.99,23.99,medium,low,10,namesilo,,,14/09/2026 08:12
1bc0fd88-de4b-42f4-8f71-e9383342abea,landings.hiphop,available,23.99,23.99,medium,low,8,namesilo,,,30/09/2026 00:42
ff9b88c6-b4d4-49e9-b29b-6836edb757ba,umbrellas.hiphop,available,23.99,23.99,medium,low,9,namesilo,,,18/09/2026 22:52
43680aae-0ff2-41f0-bb09-dd38f7ffd97d,realty.hiphop,available,25.98,33.98,high,low,6,namecheap,,,21/08/2026 21:24
92d692bc-c2ee-40c5-a4dd-39ea4e277eb3,ntsb.hiphop,available,23.99,23.99,medium,low,4,namesilo,,,01/10/2026 07:49
641e72f3-92ed-4f84-ae33-f770d165485d,orrin.hiphop,available,20.9,20.9,high,low,5,spaceship,,,02/10/2026 20:08
c52cc44c-90da-4d6b-9743-7c487a303c71,bullying.hiphop,available,25.98,33.98,medium,low,8,namecheap,,,23/09/2026 10:48
5c7cb9e8-31b1-4e3b-be44-7c92f8789b89,schiller.hiphop,available,20.9,20.9,high,low,8,spaceship,,,02/10/2026 05:31
8ea0d7b3-f260-4af4-a33e-209efd03e329,obligate.hiphop,available,23.99,23.99,medium,low,8,namesilo,,,03/09/2026 23:37
d81416c7-2121-4469-a307-f03dce57f786,bjp.hiphop,premium,517.7,103.7,high,low,3,spaceship,,,02/10/2026 06:38
768aa4fa-a2a4-41c0-a51c-78b03dc5ba84,bite.hiphop,available,23.99,23.99,high,low,4,namesilo,,,08/09/2026 13:01
c80ae064-913b-43f2-b50f-001a518ffdd5,metier.hiphop,available,23.99,23.99,high,low,6,namesilo,,,18/08/2026 12:29
49b01c4a-81fe-4858-bfd4-b4b847382917,harquebus.hiphop,available,25.98,33.98,medium,low,9,namecheap,,,20/09/2026 08:40
a47a405b-3890-4aa9-90cb-7a3c5bbe6e8b,centralised.hiphop,available,20.9,20.9,high,low,11,spaceship,,,02/10/2026 01:46
9123af7d-5521-4761-8374-72b274a4d102,goddard.hiphop,available,43.99,43.99,medium,low,7,godaddy,,,30/09/2026 01:46
cca0b926-0e71-40ea-8a1b-e44bbfd84884,betimes.hiphop,available,23.99,23.99,medium,low,7,namesilo,,,13/09/2026 23:59
98737c46-f65a-47f2-b823-c067b3686138,labored.hiphop,available,23.99,23.99,medium,low,7,namesilo,,,22/08/2026 17:34
3b7f1aba-b72b-432d-a18b-91c0c925be7f,psd.hiphop,premium,517.7,103.7,high,low,3,spaceship,,,29/09/2026 21:36
8db9e785-36bb-40b0-84b2-afe32b7a9f1f,cyclical.hiphop,available,34.99,41.99,high,low,8,name.com,,,13/08/2026 13:34
52c33924-a100-48d8-8155-96b4f3215bf9,spectre.hiphop,available,23.99,23.99,high,low,7,namesilo,,,08/09/2026 18:42
a3ee726a-ece5-4b8a-894a-c87756f85fec,fergus.hiphop,available,21.11,21.11,medium,low,6,porkbun,,,29/09/2026 05:30
54cea41b-8928-4cbf-90a1-9fde3ad313b7,testimonial.hiphop,available,23.99,23.99,high,low,11,namesilo,,,01/10/2026 22:39
1b264dab-f7d2-48b2-9eaa-d8f1ad37f8e4,fuss.hiphop,available,23.99,23.99,high,low,4,namesilo,,,17/09/2026 09:21
fbe76e67-dee1-4da8-ae3d-0a4fef3f1fa5,gpa.hiphop,premium,640,116,high,low,3,namesilo,,,28/09/2026 05:52
9cd3d1ca-dc96-4fca-8ae6-492323b8f210,resign.hiphop,available,20.9,20.9,medium,low,6,spaceship,,,30/09/2026 06:20
8fd024e8-9220-4676-95c0-f99978b02090,cabot.hiphop,available,21.11,21.11,medium,low,5,porkbun,,,30/09/2026 08:53
c8af8bb2-b19e-458f-a69a-2416e8b9750f,plumber.hiphop,available,21.11,21.11,high,low,7,porkbun,,,29/09/2026 20:00
b79f61c6-e7e6-4a2f-9560-c5fcf77cf272,diaphragm.hiphop,available,25.98,33.98,high,low,9,namecheap,,,30/09/2026 09:15
410e6e4b-1a18-421a-be9e-c63a391f62fe,bather.hiphop,available,23.99,23.99,medium,low,6,namesilo,,,22/09/2026 13:31
9fbd694c-073c-4426-8807-9699aa1fa409,riches.hiphop,available,21.62,21.62,high,low,6,dynadot,,,28/09/2026 20:20
535515d2-4fd9-4f77-8b51-15bf1d67bbe3,darpa.hiphop,available,20.9,20.9,medium,low,5,spaceship,,,01/10/2026 19:10
5fdda1ca-c6fa-4fe0-b109-6a6fc6d91ea0,linde.hiphop,available,23.99,23.99,high,high,5,namesilo,,,01/10/2026 00:27
e22a2f27-e0e1-4a33-9c38-9efbbae3bd63,bayberry.hiphop,available,23.99,23.99,medium,low,8,namesilo,,,22/09/2026 17:18
64f58584-64dc-4a07-889d-2b69d75ca920,rheologic.hiphop,available,23.99,23.99,medium,low,9,namesilo,,,09/09/2026 16:35
0288fe23-1de4-4a8e-935e-7e17f87186be,pliant.hiphop,available,23.99,23.99,medium,low,6,namesilo,,,09/08/2026 14:11
773b9463-db55-4fee-ae5e-6dee9d4da77f,worse.hiphop,available,27,23.99,high,low,5,unstoppable,,,28/09/2026 10:56
d97e3985-46ac-488a-8c0d-238b4225bd42,lashings.hiphop,available,23.99,23.99,high,low,8,namesilo,,,14/09/2026 23:38
732d9c19-f906-47c9-99a9-1aae6a2d5c78,applet.hiphop,available,25.98,33.98,high,low,6,namecheap,,,19/09/2026 21:38
9d32878c-6390-436f-b875-90ec0495eab8,anita.hiphop,available,23.99,23.99,high,low,5,namesilo,,,25/09/2026 15:32
042829f1-240c-4f1a-99d5-45867b688416,municipal.hiphop,available,23.99,23.99,high,low,9,namesilo,,,03/09/2026 10:58
ad7d2abc-1419-4632-82f4-40ae6a3d344c,buzzing.hiphop,available,23.99,23.99,high,low,7,namesilo,,,
af83d470-a1d4-4349-8eec-9171847b0cd5,cults.hiphop,available,23.99,23.99,medium,low,5,namesilo,,,03/10/2026 04:21
0b2251aa-152b-4fda-a32e-01c1297ca9a6,quirky.hiphop,available,23.99,23.99,high,low,6,namesilo,,,17/08/2026 22:23
ad1bdd14-b48c-4bbe-b170-ffe95f024a5b,opm.hiphop,premium,517.7,103.7,high,low,3,spaceship,,,30/09/2026 04:51
43a115e1-ed05-4702-a351-faa7c4f7a6b5,shampoo.hiphop,available,23.99,23.99,high,low,7,namesilo,,,30/09/2026 02:51
30c87ae4-fc62-4e1d-ac1b-9ec5af80fa3f,utah.hiphop,available,23.99,23.99,high,low,4,namesilo,,,23/09/2026 01:17
1ae7184c-40ac-47e7-a7d5-c9f07183551e,pad.hiphop,premium,640,116,high,low,3,namesilo,,,29/09/2026 16:29
d26f94a9-97f2-4d30-909e-0c719c8cbf52,unauthorized.hiphop,available,23.99,23.99,medium,low,12,namesilo,,,28/09/2026 22:49
d6992f3b-f955-440c-875e-ab5facc8062a,tanker.hiphop,available,23.99,23.99,high,low,6,namesilo,,,29/09/2026 07:46
44f42ad1-7358-4a9e-9260-4b76bdff148d,cleaned.hiphop,available,23.99,23.99,high,low,7,namesilo,,,27/09/2026 02:45
3a5419a9-aac3-4a27-a3f1-be335b7dedf0,anthology.hiphop,available,25.98,33.98,high,low,9,namecheap,,,19/09/2026 13:28
95ac0e6f-daf1-44a8-83f6-25d91ec045ab,sic.hiphop,premium,640,116,high,low,3,namesilo,,,16/09/2026 01:41
e18415c5-c235-4cab-bc9c-3ad59b299e6a,mongoloid.hiphop,available,23.99,23.99,medium,low,9,namesilo,,,25/08/2026 04:49
342d8084-faa4-4cdf-9475-eb85d720582e,dawdling.hiphop,available,23.99,23.99,medium,low,8,namesilo,,,11/09/2026 19:40
979e3419-a9ff-4e96-a99b-9c211e0cf5f5,nordic.hiphop,available,25.98,33.98,high,low,6,namecheap,,,03/09/2026 21:09
56892ecb-bffb-4cb4-a75c-a44033ea2285,bloody.hiphop,available,23.99,23.99,high,low,6,namesilo,,,22/09/2026 00:33
f1adf7a5-5b65-4315-a1c0-12d90ac977ce,tuscaloosa.hiphop,available,23.99,23.99,medium,low,10,namesilo,,,29/09/2026 02:27
27b8d683-9e92-4765-b7dd-bac126ed7f4a,customized.hiphop,available,25.98,33.98,medium,low,10,namecheap,,,30/09/2026 23:17
7df2f4fc-dbed-4cfa-9edc-b9b5e93b1b9a,subhuman.hiphop,available,23.99,23.99,medium,low,8,namesilo,,,10/09/2026 23:56
9ede3a50-f269-4ef2-ab4e-88f47d4ea261,nts.hiphop,premium,517.7,103.7,high,low,3,spaceship,,,01/10/2026 08:33
d78902d1-6bb4-4fe1-bec4-be296da656b1,anhidrosis.hiphop,available,23.99,23.99,medium,low,10,namesilo,,,19/09/2026 07:47
b5ae89c7-f9aa-4041-8fde-bd2bc24aa262,shoaly.hiphop,available,23.99,23.99,high,medium,6,namesilo,,,09/09/2026 12:31
59c94300-886e-4355-bc40-cf4a890a3bc1,nilpotent.hiphop,available,23.99,23.99,medium,low,9,namesilo,,,03/09/2026 17:28
f68427ff-9061-45da-9502-f79562775eb4,backspacer.hiphop,available,23.99,23.99,medium,low,10,namesilo,,,21/09/2026 16:02
1a69bcb8-c7d4-4d31-8ab4-d41ed0b13d6d,speedway.hiphop,available,23.99,23.99,high,low,8,namesilo,,,01/10/2026 03:48
aaca6e0b-1827-4c45-9fbb-757a1c4b611a,varies.hiphop,available,25.98,33.98,medium,low,6,namecheap,,,01/10/2026 14:19
cdb963d1-3c6c-4183-b932-7fe116e3bb01,peacemaker.hiphop,available,23.99,23.99,high,low,10,namesilo,,,24/09/2026 10:53
7cdc896d-16db-4f02-a99a-3d703a32d3ce,batten.hiphop,available,25.98,33.98,medium,low,6,namecheap,,,22/09/2026 14:27
97103138-171f-4d69-b5da-eaa2c8033478,savagery.hiphop,available,23.99,23.99,medium,low,8,namesilo,,,22/09/2026 04:29
280d9c0d-f302-45a7-a21f-29410235ac51,presidency.hiphop,available,23.99,23.99,high,low,10,namesilo,,,29/09/2026 13:43
ca889b16-7916-4884-9dc2-4ea65bec5696,reusable.hiphop,available,23.99,23.99,high,low,8,namesilo,,,09/09/2026 11:33
2bcc70e1-58b1-40a8-888d-7a023cbb5e13,chequebook.hiphop,available,25.98,33.98,medium,low,10,namecheap,,,24/09/2026 13:58
7eebca49-60a9-4714-85dd-8d58c11f25d7,outlawed.hiphop,available,23.99,23.99,medium,low,8,namesilo,,,21/08/2026 19:52
0d760b86-5fd9-4dad-9ea2-b95b9f9f3c57,hogan.hiphop,available,23.99,23.99,high,low,5,namesilo,,,23/09/2026 07:21
8d44a351-7655-4890-9168-278be3123829,iff.hiphop,premium,500.2,,medium,low,3,unstoppable,,,30/09/2026 04:49
47f0a338-e8b3-4887-a811-856ef3c52dc9,naples.hiphop,available,20.9,20.9,medium,low,6,spaceship,,,29/09/2026 07:39
9c16115b-dd78-4893-abf0-678e97420c19,seamless.hiphop,available,23.99,23.99,high,low,8,namesilo,,,10/09/2026 00:47
17fbac87-6007-4bab-967b-757fb231be3a,crested.hiphop,available,23.99,23.99,high,low,7,namesilo,,,13/08/2026 06:20
725ff09c-efee-4841-9aec-41bf678c9eaf,engages.hiphop,available,20.9,20.9,medium,low,7,spaceship,,,02/10/2026 22:45
409a26a5-dd04-43d3-979d-12f90e443713,cowpea.hiphop,available,23.99,23.99,medium,low,6,namesilo,,,23/09/2026 23:43
733ed159-593a-4bf1-a674-d3ebed656d0d,ecologic.hiphop,available,25.98,33.98,high,low,8,namecheap,,,10/08/2026 02:32
b99b4697-e6a2-4ad8-ab0c-ca09fb95d4c4,resinous.hiphop,available,23.99,23.99,medium,low,8,namesilo,,,09/09/2026 15:13
700a4c28-ccfe-4c82-bc09-541a1217e879,lieu.hiphop,available,21.62,21.62,high,low,4,dynadot,,,02/10/2026 05:37
36cb22cc-102e-460f-935d-dd529958f20a,sawmill.hiphop,available,21.62,21.62,high,low,7,dynadot,,,02/10/2026 05:40
6d588547-c55a-41f4-a3a7-4957264c2002,telegrams.hiphop,available,23.99,23.99,medium,low,9,namesilo,,,02/10/2026 23:13
eaa607d3-0eb4-4b29-8a32-01a360cee781,steal.hiphop,available,21.11,21.11,medium,low,5,porkbun,,,29/09/2026 05:35
d145dc79-6779-458d-98e0-7094c3922eca,anthropic.hiphop,available,23.99,23.99,high,high,9,namesilo,,,
dd36070b-977a-4ce5-b0e6-256f434a120e,troubling.hiphop,available,23.99,23.99,medium,low,9,namesilo,,,14/08/2026 13:19
58d14990-753e-4e0f-aa86-d36aae81d793,cereal.hiphop,available,23.99,23.99,high,low,6,namesilo,,,12/08/2026 00:26
8ef7a750-0462-45b7-b126-8f5c5e7f16a4,announcements.hiphop,available,20.9,20.9,medium,low,13,spaceship,,,30/09/2026 06:45
1fb36776-5ef4-4282-9748-4feaab6e094b,fran.hiphop,available,27,23.99,high,low,4,unstoppable,,,02/10/2026 09:34
f9e1ad88-3321-470a-a3f5-0351db367ce0,dock.hiphop,available,23.99,23.99,high,low,4,namesilo,,,22/09/2026 23:34
bd4d406f-244d-49ce-a012-241d734c11c7,polynomials.hiphop,available,23.99,23.99,medium,low,11,namesilo,,,27/09/2026 09:22
5c856372-ea92-483f-aae3-46503334647d,equals.hiphop,available,23.99,23.99,medium,low,6,namesilo,,,18/09/2026 22:09
194e527e-56bf-48a0-b55c-904e188f5989,apologist.hiphop,available,25.98,33.98,medium,low,9,namecheap,,,19/09/2026 18:45
f06e6ddf-f6a3-4c53-b154-9a7bb9cfa45c,greenock.hiphop,available,20.9,20.9,medium,low,8,spaceship,,,02/10/2026 01:03
e7496e22-e313-499c-8a1f-19655fe63a04,timing.hiphop,available,23.99,23.99,high,low,6,namesilo,,,27/09/2026 05:40
b85cd1f9-cbcc-48e8-98b0-7ffde0a8a8ef,intangible.hiphop,available,25.98,33.98,high,low,10,namecheap,,,21/08/2026 21:42
f5883bbd-b451-4ca2-bc08-cdda84ecc205,trimly.hiphop,available,23.99,23.99,medium,low,6,namesilo,,,16/09/2026 09:29
cfe28b85-cbd5-489d-817a-f58899227549,chinatown.hiphop,available,27,,high,low,9,unstoppable,,,28/09/2026 15:39
53898946-50e7-4ac2-9a51-b42f0658b5b0,ferrous.hiphop,available,23.99,23.99,medium,low,7,namesilo,,,18/08/2026 02:09
397a0c02-4ac9-422e-a7fe-811d0b37546a,olaf.hiphop,available,20.9,20.9,medium,low,4,spaceship,,,28/09/2026 07:48
e3d418cb-27a6-474a-87c7-bf661b5bf8b8,broadcaster.hiphop,available,23.99,23.99,high,low,11,namesilo,,,02/10/2026 02:31
613828ab-a62d-4951-8bce-604a09729963,purblind.hiphop,available,23.99,23.99,medium,low,8,namesilo,,,14/08/2026 07:58
870d4e72-cef2-4a8d-ba34-1064df9f3d9e,pitching.hiphop,available,21.62,21.62,high,low,8,dynadot,,,30/09/2026 06:51
99bd835a-78c4-42d1-b03d-b290edba903c,destroy.hiphop,available,25.98,33.98,high,low,7,namecheap,,,25/09/2026 10:30
150cb3fc-fc4d-47e4-8ef6-6a00f49dba92,lengthy.hiphop,available,23.99,23.99,medium,low,7,namesilo,,,14/08/2026 18:32
1e1a5f3c-525f-4b4a-8507-9a47012e79e4,ruthless.hiphop,available,25.98,33.98,high,medium,8,namecheap,,,08/09/2026 20:06
353eb5c7-4ec0-4421-9ad3-20e5b37a1791,yisrael.hiphop,available,27,,medium,low,7,unstoppable,,,01/10/2026 20:06
7927928e-429e-4c52-8130-5b6418f51c7f,enlisted.hiphop,available,20.9,20.9,medium,low,8,spaceship,,,28/09/2026 22:48
9397adbe-ccf3-4720-9bb7-457c9b3032e4,nurses.hiphop,available,27,23.99,medium,low,6,unstoppable,,,02/10/2026 11:51
3cc3d735-35ac-46d7-8057-7e2214b3b308,archie.hiphop,available,25.98,33.98,high,low,6,namecheap,,,28/09/2026 03:27
136d5c33-05d9-4f6f-ae52-e57ff865ad03,sweaty.hiphop,available,23.99,23.99,high,low,6,namesilo,,,01/10/2026 22:22
8468bfeb-471f-4579-b8fe-6a50acdb5c8a,slows.hiphop,available,20.9,20.9,medium,low,5,spaceship,,,02/10/2026 02:13
206f7b9a-bf4d-44e8-bbfa-880e7d532b67,molly.hiphop,available,20.9,20.9,high,low,5,spaceship,,,28/09/2026 14:53
13fb9e12-f825-42de-95ef-9a2129eb2be6,nhs.hiphop,premium,640,116,high,low,3,namesilo,,,28/09/2026 07:40
2ffa18e2-26e3-4875-bd47-812e8b96351c,conniption.hiphop,available,23.99,23.99,medium,low,10,namesilo,,,18/08/2026 05:43
146f008e-239b-41ac-873b-0af53e283c19,melrose.hiphop,available,23.99,23.99,medium,low,7,namesilo,,,28/09/2026 08:55
40052f7c-b847-4534-a583-9a92baaf161e,cordell.hiphop,available,20.9,20.9,medium,low,7,spaceship,,,01/10/2026 12:03
fb58cb41-ffa6-405a-992c-67e69c70a01c,cosmo.hiphop,available,20.9,20.9,high,high,5,spaceship,,,02/10/2026 18:14
3212ae02-12a6-4657-a652-c9b0cdcfe5f7,dark.hiphop,available,23.99,23.99,high,medium,4,namesilo,,,24/09/2026 04:29
615bd4a4-5b6a-4493-9999-3a50a378cea7,cordially.hiphop,available,23.99,23.99,medium,low,9,namesilo,,,14/09/2026 08:43
5b884419-6750-4ba2-9105-80889ca537ee,dinnertime.hiphop,available,23.99,23.99,high,low,10,namesilo,,,24/09/2026 22:22
68cdd091-5f65-41a3-afea-7b0de8376b37,inspiring.hiphop,available,23.99,23.99,high,low,9,namesilo,,,25/09/2026 09:50
d91f68ed-6a05-48c1-9736-ad14bd508f30,sweeter.hiphop,available,20.9,20.9,medium,low,7,spaceship,,,02/10/2026 13:05
94aba0cb-ab74-4ca3-acce-77ad86957433,sufi.hiphop,available,23.99,23.99,high,low,4,namesilo,,,11/09/2026 01:14
d1f620c9-055d-41a8-a8f9-31827dfbdc34,acumen.hiphop,available,25.98,33.98,high,low,6,namecheap,,,17/09/2026 05:39
79fa1b41-991d-4cd8-9f69-cf634384a508,lucille.hiphop,available,21.11,21.11,medium,low,7,porkbun,,,28/09/2026 21:59
6c634c9a-0b88-4bbf-b911-5ce81fd30396,inflexible.hiphop,available,23.99,23.99,medium,low,10,namesilo,,,22/08/2026 04:32
09d01aa4-ff42-4d3d-9ea3-abdcb9231682,degenerate.hiphop,available,34.99,41.99,medium,low,10,name.com,,,13/08/2026 20:16
a01dcbc5-29b0-445a-96ea-8b1b4164c628,behemoth.hiphop,available,23.99,23.99,high,low,8,namesilo,,,23/09/2026 03:24
1e9ee789-0cdf-44ff-93e1-61a28a80f675,thc.hiphop,premium,640,116,high,medium,3,namesilo,,,29/09/2026 08:13
ddad353c-e379-4a49-9632-1c280b4d9a12,lxxx.hiphop,available,25.98,33.98,medium,low,4,namecheap,,,
5e4932e2-75cd-421a-92f3-44cdbebdf93f,eagerness.hiphop,available,23.99,23.99,high,low,9,namesilo,,,21/09/2026 09:28
750f7988-f71b-4f85-a667-77be99638117,tacitly.hiphop,available,23.99,23.99,medium,low,7,namesilo,,,16/09/2026 07:43
d70dedd3-975f-48f2-9bc0-c294b3b84252,patton.hiphop,available,23.99,23.99,high,low,6,namesilo,,,25/09/2026 16:06
f1ea1bd5-abda-4048-8fe0-4f1bed167fc8,carry.hiphop,available,25.98,33.98,high,low,5,namecheap,,,28/09/2026 00:56
e101937c-3d8a-480d-8cc8-3b098725d38c,coventry.hiphop,available,25.98,33.98,medium,low,8,namecheap,,,22/09/2026 02:09
3bab26da-e40a-4bfc-8e95-c864c522d7bd,pumping.hiphop,available,25.98,33.98,high,low,7,namecheap,,,17/09/2026 18:09
7ae4f1b2-ebcb-4cd9-a69f-af839bb48fac,unshaken.hiphop,available,23.99,23.99,high,low,8,namesilo,,,12/09/2026 07:04
86f0a434-4cf5-4ed6-b758-2be60d68c90a,tampico.hiphop,available,20.9,20.9,high,low,7,spaceship,,,01/10/2026 04:00
4f11cd5f-fdfd-4ddb-93d0-cfdddf5e3414,starkest.hiphop,available,23.99,23.99,low,low,8,namesilo,,,20/09/2026 22:48
d07c692b-c86f-4d1b-950e-fa46edf169f8,streams.hiphop,available,25.98,33.98,high,low,7,namecheap,,,29/09/2026 16:56
7bbb81f5-2778-4221-9239-ca13835a0d67,sterilizer.hiphop,available,23.99,23.99,medium,low,10,namesilo,,,21/09/2026 06:04
a8732db6-722a-49b9-9dc0-e8b95f02ea12,lieutenant.hiphop,available,23.99,23.99,high,low,10,namesilo,,,28/09/2026 02:16
76b4ffed-8430-4e4d-8fa2-b12ba1de85ea,carp.hiphop,available,20.9,20.9,medium,low,4,spaceship,,,01/10/2026 18:55
10bb50ed-f32f-4f47-bc98-1424b5adcb12,accessary.hiphop,available,23.99,23.99,medium,low,9,namesilo,,,
ca3a66d2-1251-4685-83a9-657dd0dcc32c,tuning.hiphop,available,21.62,21.62,high,low,6,dynadot,,,29/09/2026 08:16
8dc11e3b-be08-4fe4-9254-4bb748503aba,balsam.hiphop,available,23.99,23.99,high,low,6,namesilo,,,22/09/2026 00:04
0e1dba48-7760-4f22-8cca-aa4da51a0daa,melodies.hiphop,available,21.62,21.62,high,low,8,dynadot,,,02/10/2026 11:49
ad5da814-e11d-4131-baf3-a8c25567085c,argun.hiphop,available,23.99,23.99,medium,low,5,namesilo,,,20/09/2026 04:51
fff89628-3ab5-4236-b5c4-3d717b1433e5,greenwing.hiphop,available,23.99,23.99,medium,low,9,namesilo,,,19/09/2026 02:56
8c0b308c-6370-4509-a3d1-5d6450e9b280,across.hiphop,available,23.99,23.99,high,low,6,namesilo,,,28/09/2026 11:43
6dc22ab7-27ae-4aab-9e92-16767d02cead,lala.hiphop,available,23.99,23.99,high,low,4,namesilo,,,02/10/2026 07:36
6c133390-f054-4c1f-b103-0a3b565ce9ea,consume.hiphop,available,20.9,20.9,high,low,7,spaceship,,,29/09/2026 02:37
b287956c-03ea-43a1-adc1-0945ae9bafc9,nomadic.hiphop,available,23.99,23.99,high,low,7,namesilo,,,25/08/2026 02:19
e8979a9a-bf61-4c13-a684-8d43862d9206,crisply.hiphop,available,23.99,23.99,medium,low,7,namesilo,,,14/09/2026 09:37
5ccffbee-f54f-4f4d-ae3c-72d0d5334d6c,publicly.hiphop,available,21.11,21.11,medium,low,8,porkbun,,,28/09/2026 15:37
046310a1-1583-4aa8-a99f-2af8bec859f5,mistakes.hiphop,available,25.98,33.98,medium,low,8,namecheap,,,16/09/2026 10:20
093b4a4d-f894-4aad-9d08-8504cd687283,conducive.hiphop,available,25.98,33.98,high,low,9,namecheap,,,12/08/2026 20:30
127f9e58-1283-4c6a-93b1-fd713d30cee3,teri.hiphop,available,20.9,20.9,medium,low,4,spaceship,,,02/10/2026 00:23
fea0256f-852e-4962-8fa6-b378c659677b,antler.hiphop,available,23.99,23.99,medium,low,6,namesilo,,,19/09/2026 15:20
bb3bda14-7b59-4d6a-a6a2-029def339cc2,decree.hiphop,available,27,,high,low,6,unstoppable,,,29/09/2026 18:35
47d30709-265a-4345-9b13-43ed8c375826,ava.hiphop,premium,546.35,109.69,high,medium,3,porkbun,,,02/10/2026 09:39
86f5ec37-41b0-4ddd-a175-0775293f5a2c,fishes.hiphop,available,23.99,23.99,medium,low,6,namesilo,,,17/09/2026 06:49
ce86b4b8-9a9a-4334-8eb7-bd6def8139b1,wore.hiphop,available,23.99,23.99,medium,low,4,namesilo,,,
f5e87595-dc7c-468f-8365-c045875a6729,tenured.hiphop,available,23.99,23.99,medium,low,7,namesilo,,,11/09/2026 11:43
28256db4-edf1-47a3-ae2b-a3531d6e5787,sevenup.hiphop,available,23.99,23.99,high,low,8,namesilo,,,30/09/2026 06:05
e6d119b8-fe72-43ca-9e46-f1b6d247a3a7,munch.hiphop,available,23.99,23.99,high,low,5,namesilo,,,03/10/2026 00:34
b1847fcd-a25d-4eba-bea4-5b0560cf4983,ltte.hiphop,available,20.9,20.9,medium,low,4,spaceship,,,01/10/2026 20:19
de3529b7-dcf9-46fb-9e79-86052c8bb58b,laurens.hiphop,available,23.99,23.99,high,low,7,namesilo,,,29/09/2026 07:10
82528680-1d2d-48a2-8db3-8d50f5d13d5c,madonna.hiphop,available,25.98,33.98,high,low,7,namecheap,,,24/09/2026 06:06
92481236-e329-4b17-b6a3-744941a8cb90,possessions.hiphop,available,20.9,20.9,low,low,11,spaceship,,,28/09/2026 17:10
b225c511-da58-485c-880a-cbc0819dbe32,additive.hiphop,available,23.99,23.99,high,low,8,namesilo,,,
b775cd06-636f-4afc-901d-a2c14f6c791d,moneyless.hiphop,available,23.99,23.99,medium,low,9,namesilo,,,25/08/2026 04:43
b6223792-9c98-4ad8-9bf0-f9e1b7660cae,pellucid.hiphop,available,23.99,23.99,high,low,8,namesilo,,,13/08/2026 09:44
b93ae4d3-a349-438b-a1e7-e162ee73872a,combinations.hiphop,available,23.99,23.99,medium,low,12,namesilo,,,17/09/2026 17:12
cb6c376b-b5aa-4b05-a365-8ae659bc148b,furman.hiphop,available,23.99,23.99,medium,low,6,namesilo,,,29/09/2026 04:35
92bf4b8d-6a16-478c-a105-ea16c6a987af,arafat.hiphop,available,25.98,33.98,medium,low,6,namecheap,,,19/09/2026 23:42
4cbab43a-99d7-4321-8617-d52dff457822,bilges.hiphop,available,23.99,23.99,medium,low,6,namesilo,,,23/09/2026 15:54
14c529c2-485b-4a01-8b4d-9a110d79b603,humanities.hiphop,available,23.99,23.99,high,low,10,namesilo,,,28/09/2026 22:20
8d6f9433-fb5b-4c1c-b595-666da1572045,nda.hiphop,premium,640,116,high,low,3,namesilo,,,01/10/2026 23:16
a35bf6b3-7e66-4622-8130-e6a78b575439,intriguing.hiphop,available,23.99,23.99,high,low,10,namesilo,,,25/09/2026 10:52
8263a1f6-c1d8-466a-b23f-556e14f35e38,poverty.hiphop,available,23.99,23.99,medium,low,7,namesilo,,,29/09/2026 23:35
af536e81-07da-43ad-9b82-f485413ffaff,jana.hiphop,available,21.62,21.62,high,low,4,dynadot,,,29/09/2026 15:30
b025470e-6039-4d15-ada1-32d612af80c4,violates.hiphop,available,23.99,23.99,low,low,8,namesilo,,,02/10/2026 22:34
31c05681-963f-444f-b0d2-e77a0b1f186d,patiently.hiphop,available,25.98,33.98,medium,low,9,namecheap,,,15/09/2026 19:20
5e3f9312-1782-48b9-828f-e8d6ad4110c7,daggett.hiphop,available,23.99,23.99,medium,low,7,namesilo,,,02/10/2026 00:55
ac4ecbd8-85ec-4653-9d91-7f8a40a5754d,berry.hiphop,available,23.99,23.99,high,low,5,namesilo,,,23/09/2026 10:10
01ff446c-0e5f-4970-a72e-8e4c5e897708,badly.hiphop,available,34.99,41.99,medium,low,5,name.com,,,22/09/2026 16:07
83271810-d77f-49ef-a915-09339f1ed9d7,ppv.hiphop,premium,640,116,high,low,3,namesilo,,,30/09/2026 23:00
ee537c7a-cd11-4f1b-8ada-cf6bbb44d17f,faker.hiphop,available,23.99,23.99,medium,low,5,namesilo,,,09/09/2026 05:01
3f134f1a-3121-456c-b102-6b577bab3130,tapestry.hiphop,available,23.99,23.99,high,low,8,namesilo,,,20/09/2026 08:48
14d63939-3863-4642-ae0e-3befa0aed894,michigan.hiphop,available,25.98,33.98,high,low,8,namecheap,,,28/09/2026 05:53
f2a8b258-17bd-46f7-a96f-1be931a60a68,newest.hiphop,available,23.99,23.99,high,low,6,namesilo,,,18/09/2026 15:57
9fb8c880-4ce9-4618-ab7c-64f03eb08f3b,stationery.hiphop,available,27,,high,low,10,unstoppable,,,02/10/2026 06:29
3afd9885-7cf2-42ee-9632-cdc5468b221f,resent.hiphop,available,25.98,33.98,high,low,6,namecheap,,,29/09/2026 20:46
09681ae4-e697-4e02-a51d-e1c536639de4,edna.hiphop,available,23.99,23.99,high,low,4,namesilo,,,27/09/2026 01:34
549d2d2d-c6b9-4118-93e8-565d9a5ff26a,adornment.hiphop,available,23.99,23.99,high,low,9,namesilo,,,17/09/2026 09:46
daab4fe3-edf2-4e80-9581-a774508bb382,enlivened.hiphop,available,23.99,23.99,high,low,9,namesilo,,,17/08/2026 09:37
05cb234c-b91c-40f4-a21f-46f211aeab94,instability.hiphop,available,20.9,20.9,medium,low,11,spaceship,,,29/09/2026 23:37
e13ac3da-ac64-4f35-b182-fe0a84a3643a,opaque.hiphop,available,23.99,23.99,high,low,6,namesilo,,,04/09/2026 15:47
7ab0444d-e726-412d-a576-0f505c0ade11,zhou.hiphop,available,23.99,23.99,high,low,4,namesilo,,,25/09/2026 22:14
e3c73d19-f3ca-414a-ba76-a2f08d73acc1,gatherings.hiphop,available,27,,low,low,10,unstoppable,,,01/10/2026 18:25
b7768ca5-b941-4ed1-8b14-d2c3e5f97546,sleepless.hiphop,available,23.99,23.99,medium,low,9,namesilo,,,22/08/2026 07:24
ecb0aefc-d1a4-4b83-9334-1797b90ad23c,bioassay.hiphop,available,23.99,23.99,medium,low,8,namesilo,,,23/09/2026 17:38
785f68fe-3943-4868-878f-d11b719f5669,simulate.hiphop,available,23.99,23.99,high,low,8,namesilo,,,10/09/2026 05:47
c3f790e5-5f17-43ad-a7e2-c479f195256c,ahab.hiphop,available,25.98,33.98,medium,low,4,namecheap,,,17/09/2026 20:17
60d0636f-8417-4a8e-9c8f-249d703b4b99,alluring.hiphop,available,23.99,23.99,high,low,8,namesilo,,,22/09/2026 01:34
6cef5930-52c7-4663-bff0-11dadc7c92da,peopled.hiphop,available,23.99,23.99,medium,low,7,namesilo,,,08/09/2026 15:32
9e61b0fc-b77b-408e-9bf1-199bace63964,armpit.hiphop,available,25.98,33.98,high,low,6,namecheap,,,20/09/2026 07:34
3623e7f8-bff7-49f1-b1a0-6cf226c7c194,collar.hiphop,available,23.99,23.99,high,low,6,namesilo,,,20/09/2026 09:02
27523eb0-4b2f-4465-9092-f87fbe8ab27f,fantasm.hiphop,available,23.99,23.99,medium,low,7,namesilo,,,08/09/2026 18:39
cc886b21-f163-4cb3-9ade-a4082ce774ff,cannes.hiphop,available,23.99,23.99,high,low,6,namesilo,,,24/09/2026 12:04
2b3ee073-fb8d-44cf-8b0d-6efe8eede15c,lag.hiphop,premium,640,116,high,low,3,namesilo,,,25/09/2026 10:16
ee12e53c-67d4-4fed-8271-e8e0756ab2b1,retarded.hiphop,available,23.99,23.99,medium,low,8,namesilo,,,27/09/2026 13:11
a9fc2583-a869-4ae9-8a30-144a0324e43b,alembic.hiphop,available,23.99,23.99,medium,low,7,namesilo,,,18/09/2026 05:10
946b7b57-ccb8-414b-9467-6759de7f016a,chung.hiphop,available,23.99,23.99,medium,low,5,namesilo,,,28/09/2026 16:45
fd65e424-9c79-44f7-93e5-5841d5dbe2e6,qin.hiphop,premium,640,116,medium,low,3,namesilo,,,28/09/2026 13:41
4652c659-8f5c-4595-bdf3-9eebe4d00ec5,ovate.hiphop,available,25.98,33.98,medium,low,5,namecheap,,,15/08/2026 18:03
af723782-4e11-4506-bd09-7a3720e35d3a,bilby.hiphop,available,25.98,33.98,medium,low,5,namecheap,,,23/09/2026 15:40
2b4e27cb-a402-4f18-be1a-42a26d00c986,darien.hiphop,available,20.9,20.9,medium,low,6,spaceship,,,30/09/2026 13:31
b6d2b5fa-b916-45df-a164-f862a012d01e,owned.hiphop,available,25.98,33.98,high,low,5,namecheap,,,26/09/2026 03:41
35294adc-1210-4fbb-bbdb-a4451a12762a,xxxiv.hiphop,available,23.99,23.99,medium,low,5,namesilo,,,
c747a067-a939-4f71-9b43-9647e07e71a7,camomile.hiphop,available,25.98,33.98,medium,low,8,namecheap,,,19/09/2026 13:02
e0b538de-c27f-4e01-bb02-3cc033635fbb,interviewed.hiphop,available,27,,low,low,11,unstoppable,,,28/09/2026 18:11
f9b67e89-5a26-4a14-8dab-39a9604678db,waken.hiphop,available,23.99,23.99,high,low,5,namesilo,,,08/08/2026 00:08
9d45a0ab-d430-43ed-ae05-59cd3c2abfee,claws.hiphop,available,23.99,23.99,medium,low,5,namesilo,,,28/09/2026 17:19
f55fe73f-1cb4-47b6-a340-639f826167e9,represented.hiphop,available,20.9,20.9,high,low,11,spaceship,,,03/10/2026 01:48
296dc8a0-93ed-496e-9a09-53f4a9eeb503,ducts.hiphop,available,25.98,33.98,medium,low,5,namecheap,,,02/10/2026 02:56
ee14e48c-3682-4fa3-a100-4cfd7ff34f9e,batteries.hiphop,available,20.9,20.9,medium,low,9,spaceship,,,27/09/2026 23:45
cc2df8f2-acf9-41d1-8ccb-90501735d825,robertson.hiphop,available,23.99,23.99,high,low,9,namesilo,,,25/09/2026 09:45
077537d0-145f-4f56-9a27-fbd7f3374f46,detour.hiphop,available,25.98,33.98,high,low,6,namecheap,,,29/09/2026 14:19
f837e7d2-7d3e-41aa-aec3-98ee56a69eee,eyestrain.hiphop,available,23.99,23.99,medium,low,9,namesilo,,,20/09/2026 17:21
1cfe30d7-8ce8-432f-8f2a-2566c54faf57,attendants.hiphop,available,20.9,20.9,medium,low,10,spaceship,,,01/10/2026 16:38
8ab31eca-3dcd-4471-b917-ccebbcbd5f9f,linden.hiphop,available,23.99,23.99,medium,low,6,namesilo,,,22/09/2026 12:37
7969a5bf-1638-4cb8-9204-23df55857526,sensation.hiphop,available,23.99,23.99,high,low,9,namesilo,,,21/09/2026 17:34
982ad89d-e6f4-4e72-9ec5-53052b0c96a5,cheerleader.hiphop,available,20.9,20.9,high,low,11,spaceship,,,29/09/2026 21:07
9c50e941-db92-438e-bd72-e630c083924b,apt.hiphop,premium,650,130,high,low,3,namecheap,,,22/09/2026 07:23
0df9f0cd-c3c4-48d8-92f8-9d557d17fc17,venous.hiphop,available,23.99,23.99,medium,low,6,namesilo,,,13/09/2026 02:10
d23c16fe-e752-4006-9b55-c938b1fa342a,eis.hiphop,premium,500.2,,high,low,3,unstoppable,,,29/09/2026 16:22
a689cc3e-d741-4236-82f9-e7b7738f6d99,brainstorm.hiphop,available,23.99,23.99,high,low,10,namesilo,,,24/09/2026 08:05
61f98c32-e5e9-4cff-9790-c60a6d33723b,lavish.hiphop,available,25.98,33.98,high,low,6,namecheap,,,22/08/2026 21:07
9b4959d4-f4db-4ae0-a357-7c6efa4c1cb2,baroness.hiphop,available,23.99,23.99,high,low,8,namesilo,,,22/09/2026 07:21
d5498563-7f50-4d74-af8d-a29b8f9b099a,envelope.hiphop,available,23.99,23.99,high,low,8,namesilo,,,25/09/2026 22:36
3e40730e-1119-4dca-a0b2-348699dd0058,aspirations.hiphop,available,23.99,23.99,low,low,11,namesilo,,,29/09/2026 23:55
ec0f4c75-5aa0-4da5-846e-3f557f322a91,feynman.hiphop,available,27,,high,low,7,unstoppable,,,02/10/2026 04:50
a5675673-bd70-4fda-a106-77bf8511791c,magnolia.hiphop,available,20.9,20.9,high,low,8,spaceship,,,30/09/2026 10:32
0158ebcc-bddc-4c76-8819-ef78f930dba1,dissonant.hiphop,available,23.99,23.99,medium,low,9,namesilo,,,07/08/2026 12:26
3bfaa7f5-ea64-4846-85dc-5e6d5c4cf4f7,pukka.hiphop,available,23.99,23.99,medium,low,5,namesilo,,,09/09/2026 05:24
2064449d-7bb1-4c5d-bc93-a499714e45d2,ottawa.hiphop,available,23.99,23.99,high,low,6,namesilo,,,24/09/2026 11:58
830a8b09-b2ef-478d-bd94-d2a453e7c153,thundery.hiphop,available,34.99,41.99,medium,low,8,name.com,,,13/08/2026 19:58
b7769a90-fdf4-48d2-9a38-e8e65e240152,graspable.hiphop,available,23.99,23.99,medium,low,9,namesilo,,,06/08/2026 08:18
d464bcc1-4b43-4cc0-b52f-a837f862f883,chthonian.hiphop,available,23.99,23.99,medium,low,9,namesilo,,,12/08/2026 07:26
0dba6452-b5ed-4182-af39-e663dfdbe31d,apologise.hiphop,available,20.9,20.9,high,low,9,spaceship,,,30/09/2026 15:07
c0786606-8873-4366-b3e1-1632ccf8ef36,debar.hiphop,available,23.99,23.99,medium,low,5,namesilo,,,22/09/2026 03:43
360b7621-7a2f-4814-b7bf-db88a815cfe5,pale.hiphop,available,23.99,23.99,medium,low,4,namesilo,,,27/09/2026 02:35
9ddd5fd9-8fae-40c6-8597-ed7ccfddb0f3,innermost.hiphop,available,23.99,23.99,medium,low,9,namesilo,,,22/08/2026 05:53
a10d9ed0-b1ca-4158-88a9-e977e32ef02e,keynesian.hiphop,available,23.99,23.99,medium,low,9,namesilo,,,22/08/2026 15:46
06fa2507-77bd-4f2d-b7e9-d88f623e9668,terrain.hiphop,available,21.11,21.11,high,low,7,porkbun,,,28/09/2026 20:36
71450cea-acc1-4a7a-b82a-cbc2c7f30208,agama.hiphop,available,34.99,41.99,medium,low,5,name.com,,,17/09/2026 16:05
4c8a0eb2-dbd5-45cd-8119-3c3efd46294a,immunity.hiphop,available,23.99,23.99,high,low,8,namesilo,,,28/09/2026 14:20
e08b225b-3422-4623-a226-926c1af3e635,downmarket.hiphop,available,25.98,33.98,medium,low,10,namecheap,,,14/08/2026 17:48
2344815f-f752-4d7c-af27-0136a85bbc35,credit.hiphop,available,20.9,20.9,high,low,6,spaceship,,,29/09/2026 09:26
6fee552e-0432-4049-b75a-97910d0c7e8e,marble.hiphop,available,25.98,33.98,high,low,6,namecheap,,,30/09/2026 03:53
7bc37c43-bc4c-41dd-86c0-d59fdcafbe59,cosmologic.hiphop,available,23.99,23.99,medium,low,10,namesilo,,,13/08/2026 02:56
f365f818-f598-4c60-833d-0e54326229fe,grandmothers.hiphop,available,25.98,33.98,medium,low,12,namecheap,,,20/09/2026 18:06
3f120728-004d-490c-8d75-3936979e5cde,gulls.hiphop,available,21.62,21.62,medium,low,5,dynadot,,,02/10/2026 09:41
50c1751e-3cbe-4d2a-8b3d-aeb27c51092d,tracey.hiphop,available,23.99,23.99,medium,low,6,namesilo,,,28/09/2026 21:51
7aa7885b-3be0-43ba-961d-d200548cd38b,swain.hiphop,available,23.99,23.99,medium,low,5,namesilo,,,22/09/2026 21:56
00ca97ab-62d7-4c34-900a-5b512dc90e2e,monterey.hiphop,available,23.99,23.99,high,low,8,namesilo,,,30/09/2026 02:19
b26932a6-f83d-4c3c-8755-5878b1fe8324,anaphor.hiphop,available,23.99,23.99,medium,low,7,namesilo,,,19/09/2026 02:12
39fbeee5-2826-4b59-8f37-81077c5634dd,tenormin.hiphop,available,25.98,33.98,medium,low,8,namecheap,,,20/09/2026 20:11
91e7a3b4-b766-4534-a816-ddfb7538c388,protean.hiphop,available,23.99,23.99,high,low,7,namesilo,,,09/09/2026 04:06
22cb1e99-6f7f-49ef-8f7d-71b992c32b43,pkk.hiphop,premium,517.7,103.7,high,low,3,spaceship,,,02/10/2026 07:38
f24b5910-72f2-474f-af4d-730ebc9f977d,cognisance.hiphop,available,23.99,23.99,high,low,10,namesilo,,,21/09/2026 09:57
ca7713b3-0dca-41f2-b2dc-51757cb24419,shutting.hiphop,available,23.99,23.99,medium,low,8,namesilo,,,12/08/2026 12:22
500a9721-df73-4cc8-8241-cfddd59fdd26,thready.hiphop,available,23.99,23.99,medium,low,7,namesilo,,,18/08/2026 04:08
07f3d644-3cb6-47e9-9f73-630ab3f61f3e,highs.hiphop,available,27,,medium,low,5,unstoppable,,,02/10/2026 23:35
3bc5a2e5-fc24-4c6a-bea0-29799ed07d09,wool.hiphop,available,23.99,23.99,high,low,4,namesilo,,,28/09/2026 10:46
2cc9fd19-b3a8-4c4a-8ab1-411c67b63f5d,sloane.hiphop,available,23.99,23.99,high,low,6,namesilo,,,28/09/2026 16:12
25d7dbeb-4082-4b8f-b9c6-31fd9522caa7,gar.hiphop,premium,640,116,medium,low,3,namesilo,,,23/09/2026 16:11
afc27069-9dac-4bec-87be-5642c009342d,novara.hiphop,available,20.9,20.9,high,low,6,spaceship,,,03/10/2026 04:33
78054d1c-d442-48ca-a260-88ff744b3e9b,tissue.hiphop,available,23.99,23.99,high,low,6,namesilo,,,27/09/2026 05:43
3f5889f3-cada-484e-a045-d0f3846d8f2d,asheville.hiphop,available,23.99,23.99,high,low,9,namesilo,,,20/09/2026 13:49
3984ce9c-00a3-42ed-9aa1-130018fc7a9d,cockpit.hiphop,available,27,23.99,high,low,7,unstoppable,,,29/09/2026 10:12
18b0e9a2-78f4-4462-bcde-7ea41360f850,waybill.hiphop,available,23.99,23.99,medium,low,7,namesilo,,,23/09/2026 16:05
87fd160b-2672-43c4-a50a-17de9b46cd54,philemon.hiphop,available,23.99,23.99,medium,low,8,namesilo,,,02/10/2026 15:00
28654325-4ae1-4817-9513-a8a10373532c,cadmium.hiphop,available,23.99,23.99,high,low,7,namesilo,,,11/08/2026 22:59
056d8e0f-7252-454f-8139-617ba5477028,adiabatic.hiphop,available,23.99,23.99,medium,low,9,namesilo,,,
e4422f43-49cd-455c-97ba-33872cfb2559,steelyard.hiphop,available,25.98,33.98,medium,low,9,namecheap,,,22/09/2026 19:57
d3f1fc1d-950c-4a02-bab3-5a58e4db50bb,lau.hiphop,premium,546.35,109.69,medium,low,3,porkbun,,,28/09/2026 07:25
1f2a64b7-8ea5-4dcf-84bb-d8714abcb229,watts.hiphop,available,21.62,21.62,high,medium,5,dynadot,,,29/09/2026 19:22
2be12ea1-6b5a-4f28-8c36-771916d79d64,boone.hiphop,available,34.99,41.99,high,low,5,name.com,,,25/09/2026 01:56
17cdf594-9f60-443b-85ce-bae3a2811bfb,isc.hiphop,premium,517.7,103.7,high,low,3,spaceship,,,02/10/2026 01:14
4ace79fb-96ca-4d9f-9c92-61600b4410b4,ammonite.hiphop,available,23.99,23.99,high,low,8,namesilo,,,18/09/2026 22:08
16e296d8-6ef1-4c30-baab-6ce67ae2a9c5,priscilla.hiphop,available,21.62,21.62,high,low,9,dynadot,,,28/09/2026 03:51
e64a9c8e-d947-47a7-89bf-d9fe3de50f65,ellington.hiphop,available,23.99,23.99,high,low,9,namesilo,,,28/09/2026 09:32
c3dd9170-dc26-4e80-9be0-b1cf01616e56,acetabulum.hiphop,available,25.98,33.98,medium,low,10,namecheap,,,16/09/2026 23:45
bf7a6c57-5a6a-436b-aa71-33d629c31c82,untamed.hiphop,available,25.98,33.98,high,low,7,namecheap,,,12/09/2026 20:55
32093575-6c9c-4d3a-8000-a849122f2c37,uncoated.hiphop,available,23.99,23.99,high,low,8,namesilo,,,12/09/2026 05:35
f1a1c25d-0a67-4cf0-9a2e-205f4e4d1885,lionel.hiphop,available,21.11,21.11,medium,low,6,porkbun,,,28/09/2026 16:08
8fed88dc-3831-4073-9faa-0a19802433b2,shopworn.hiphop,available,23.99,23.99,low,low,8,namesilo,,,08/08/2026 11:06
47ce10a2-82fa-4245-ade8-d2f93f204fdf,repairing.hiphop,available,23.99,23.99,high,low,9,namesilo,,,01/10/2026 05:59
4b8c5670-f0ef-4dd4-8d3f-16e8e5859930,billyo.hiphop,available,23.99,23.99,medium,low,6,namesilo,,,18/09/2026 09:10
c2fbe5e2-5134-43fa-886f-29dce0221c25,regimented.hiphop,available,23.99,23.99,high,medium,10,namesilo,,,09/09/2026 12:55
3eac8a6f-1926-4b5a-bbcb-959796ae92ba,shasta.hiphop,available,23.99,23.99,medium,low,6,namesilo,,,28/09/2026 14:55
dae5ca35-de45-42be-bbee-99c91943ef84,indolent.hiphop,available,25.98,33.98,medium,low,8,namecheap,,,17/08/2026 20:53
648e8d65-c9c7-410d-9841-1b67c694600b,offense.hiphop,available,23.99,23.99,high,low,7,namesilo,,,04/09/2026 01:32
8e0cae36-02bf-4949-af7c-3fc9c219fde2,rateable.hiphop,available,23.99,23.99,high,medium,8,namesilo,,,09/09/2026 10:32
fe702ec9-9893-4879-bd3a-d40571a80f6a,islands.hiphop,available,23.99,23.99,high,low,7,namesilo,,,02/10/2026 09:15
3e91bf0b-54b9-47bb-9f9e-3afe9711a0c2,pfa.hiphop,premium,517.7,103.7,high,low,3,spaceship,,,02/10/2026 20:00
0d7fd889-825e-409e-bfa4-dc02c21e3d82,deftness.hiphop,available,23.99,23.99,high,low,8,namesilo,,,17/09/2026 07:43
0c4016b1-6eef-4048-8c26-5e08f399558c,rattle.hiphop,available,23.99,23.99,high,low,6,namesilo,,,19/09/2026 15:18
26a73760-1f99-4235-a819-bf803a320cd3,compelled.hiphop,available,27,,low,low,9,unstoppable,,,28/09/2026 23:06
f22e9c5b-1b77-44a0-b802-d61c72eff1cf,coaxial.hiphop,available,23.99,23.99,medium,low,7,namesilo,,,12/08/2026 14:16
3465d03c-21ad-4202-ad1d-0e3cad260743,bunchy.hiphop,available,23.99,23.99,medium,low,6,namesilo,,,11/08/2026 09:55
e1b64082-eb24-4886-b704-0286148572ba,resolutely.hiphop,available,23.99,23.99,medium,low,10,namesilo,,,14/09/2026 11:12
8741c3fe-fa38-4f7e-911f-527ffc099068,oblique.hiphop,available,23.99,23.99,high,low,7,namesilo,,,14/08/2026 05:11
35130f43-a413-4951-885f-defd3106211d,invented.hiphop,available,27,23.99,high,low,8,unstoppable,,,01/10/2026 19:48
3e7ebd27-6b3c-4997-a4d1-ec4c80de0123,aya.hiphop,premium,546.35,109.69,high,low,3,porkbun,,,03/10/2026 03:12
4c07dfa5-cbb5-458a-bae6-67d5e882bb17,designs.hiphop,available,25.98,33.98,high,low,7,namecheap,,,30/09/2026 20:49
1867a5ba-bfc5-4314-85d6-ae30df40766f,extensive.hiphop,available,25.98,33.98,medium,low,9,namecheap,,,
d66975f1-c840-4b78-aed6-0070b9a61f14,beaut.hiphop,available,23.99,23.99,high,low,5,namesilo,,,22/09/2026 22:16
8aa8541c-85c3-4a96-83c0-8004087f387e,spay.hiphop,available,23.99,23.99,medium,low,4,namesilo,,,03/09/2026 16:33
e803f474-83b0-47dc-ba47-809f65782509,stuttering.hiphop,available,23.99,23.99,medium,low,10,namesilo,,,02/10/2026 07:31
da6203bb-77fe-4fff-bda7-6e6cfbd50a2b,knitting.hiphop,available,20.9,20.9,high,low,8,spaceship,,,29/09/2026 01:31
aa51f91f-5686-4c40-af88-8f5d9126933e,temperament.hiphop,available,23.99,23.99,high,low,11,namesilo,,,30/09/2026 22:37
8bfdf79e-e693-4ac8-a483-2993d4bbb245,filmed.hiphop,available,23.99,23.99,high,low,6,namesilo,,,18/08/2026 04:25
db1f7821-d479-4b6b-a4ca-6f2490221a99,otoscope.hiphop,available,23.99,23.99,medium,low,8,namesilo,,,21/09/2026 04:28
a5ec80c3-1f14-4bb3-b748-0b5b93d8fc4d,whole.hiphop,available,25.98,33.98,high,low,5,namecheap,,,22/09/2026 00:29
e7a9bbdb-ea17-40d3-bc57-e30e0655e9fc,gladys.hiphop,available,23.99,23.99,medium,low,6,namesilo,,,26/09/2026 03:41
704fefd2-6305-4844-8faa-6f4da2d39b87,afterimage.hiphop,available,23.99,23.99,high,low,10,namesilo,,,17/09/2026 15:42
f4a9b66a-e1cc-4e8d-9ea6-79ae5a57d1bd,beltway.hiphop,available,23.99,23.99,high,low,7,namesilo,,,23/09/2026 07:15
2c2a6d9f-b19e-4f96-bc7c-a90c0fe9d515,statistic.hiphop,available,23.99,23.99,high,low,9,namesilo,,,30/09/2026 11:05
46fb742f-5c0f-47fd-a432-e821b2380449,kleist.hiphop,available,23.99,23.99,medium,low,6,namesilo,,,23/09/2026 09:54
5a8b898e-ec5d-4cae-b14e-1f618291ad6f,screwdrivers.hiphop,available,23.99,23.99,medium,low,12,namesilo,,,20/09/2026 04:52
89971c64-caa8-45da-b8df-71d0dcff0cea,lps.hiphop,premium,500.2,,high,low,3,unstoppable,,,28/09/2026 11:44
58ef0aae-471a-4e5b-a9bb-a871b988c935,sloth.hiphop,available,23.99,23.99,high,low,5,namesilo,,,28/09/2026 17:33
496bae76-cb06-49b9-a9c1-1e2877024419,bastille.hiphop,available,23.99,23.99,high,low,8,namesilo,,,22/09/2026 12:48
1b670665-66ad-48e8-9ddb-57be4b8fe08c,offence.hiphop,available,23.99,23.99,medium,low,7,namesilo,,,04/09/2026 01:34
dd283599-e24b-4afa-85e0-733020f93bec,pedal.hiphop,available,23.99,23.99,high,low,5,namesilo,,,08/09/2026 12:17
21a9a503-908c-46e4-8077-ceb04f45c8da,luciano.hiphop,available,21.11,21.11,medium,low,7,porkbun,,,29/09/2026 05:56
7ca4e35d-8265-4f4b-87d4-6992854129b2,accumulation.hiphop,available,23.99,23.99,high,low,12,namesilo,,,30/09/2026 22:26
2de0d310-074c-40be-83f9-68c44e741a62,quartermaster.hiphop,available,20.9,20.9,medium,low,13,spaceship,,,03/10/2026 02:38
a81a9b47-3113-46b7-bf4b-44f58436175f,finback.hiphop,available,34.99,41.99,medium,low,7,name.com,,,21/09/2026 20:44
81c73ec7-41ca-42ce-95ea-bc7aeca2add0,include.hiphop,available,20.9,20.9,high,low,7,spaceship,,,30/09/2026 20:19
072e120d-4c78-4d11-ab04-93922c4b5e6d,proverbs.hiphop,available,25.98,33.98,high,low,8,namecheap,,,24/09/2026 07:04
bc9a4310-d143-483b-a5d0-9dbc4abcc505,clippers.hiphop,available,20.9,20.9,high,medium,8,spaceship,,,02/10/2026 22:42
4ebab253-7b1f-49aa-b537-7f4efe503d08,nidifugous.hiphop,available,23.99,23.99,low,low,10,namesilo,,,03/09/2026 17:08
9c5a4aa0-79d9-44e2-ba15-d26ba9eaf908,graded.hiphop,available,25.98,33.98,high,low,6,namecheap,,,20/08/2026 17:36
9192178e-b68a-43ac-8bbc-dfee77e0db39,bute.hiphop,available,23.99,23.99,medium,low,4,namesilo,,,29/09/2026 22:36
ce62171c-61f6-4591-933e-0ded28f9ad90,cutie.hiphop,available,21.62,21.62,high,low,5,dynadot,,,03/10/2026 02:59
0cfe86e8-08dc-4f80-8e91-164fa3a3e4b2,apiarian.hiphop,available,23.99,23.99,medium,low,8,namesilo,,,05/08/2026 23:53
1be8083c-2764-495d-a53f-8f4497184d55,groundwork.hiphop,available,21.11,21.11,high,low,10,porkbun,,,01/10/2026 19:04
69dfeed2-cc2e-40af-9374-35482a974757,holocene.hiphop,available,23.99,23.99,medium,low,8,namesilo,,,09/09/2026 11:21
c884446e-48f1-4779-844d-f40ef2f05d9a,shutters.hiphop,available,20.9,20.9,medium,low,8,spaceship,,,02/10/2026 03:37
6de1a9e8-de9f-454d-9d33-bbfbf96e0916,acquittal.hiphop,available,23.99,23.99,high,low,9,namesilo,,,17/09/2026 02:42
f01edc93-2dfe-4af4-ac27-3e5a4f42b11d,intricate.hiphop,available,23.99,23.99,high,low,9,namesilo,,,25/09/2026 10:49
81442b3e-056c-4986-a1fa-438bd072ce4e,youngish.hiphop,available,23.99,23.99,high,low,8,namesilo,,,13/09/2026 14:49
4353dc10-054f-4cf4-b720-191ad5c2ab2d,faint.hiphop,available,25.98,33.98,high,low,5,namecheap,,,17/08/2026 21:01
caaa0f62-9958-455f-ba8b-855f8739a950,stealthily.hiphop,available,23.99,23.99,medium,low,10,namesilo,,,16/09/2026 06:59
5d1166c4-8ba9-4a5d-ae7b-161d482e5146,diluted.hiphop,available,23.99,23.99,medium,low,7,namesilo,,,14/08/2026 07:45
ee9a301a-c639-4459-b4ac-16224eb8ea1c,respecting.hiphop,available,27,,medium,low,10,unstoppable,,,01/10/2026 21:57
732223ae-5863-460a-bf73-111c233bbe62,stays.hiphop,available,25.98,33.98,high,low,5,namecheap,,,24/09/2026 18:24
c938af1d-cdd4-461e-beb4-f56d04d8dbd5,acne.hiphop,available,20.9,20.9,medium,low,4,spaceship,,,28/09/2026 17:51
96b72777-33ba-486e-af97-212f58094b36,creatures.hiphop,available,25.98,33.98,medium,low,9,namecheap,,,27/09/2026 03:06
8bb55d47-b5f9-4ddc-ad45-23db49ff36cf,mba.hiphop,premium,640,116,high,low,3,namesilo,,,25/09/2026 09:16
50a1b5c0-212d-4c69-8704-e66deb2b7eac,santiago.hiphop,available,27,,medium,low,8,unstoppable,,,28/09/2026 13:37
da796bb7-ef70-4b89-8a25-c9a2a2a91f43,pilary.hiphop,available,25.98,33.98,high,medium,6,namecheap,,,08/09/2026 19:40
d3b7c861-50e4-45bb-a9f0-8bc707c1234d,archeology.hiphop,available,34.99,41.99,medium,low,10,name.com,,,20/09/2026 01:43
d2cc6634-8a06-48e4-a246-4618fc6953fd,glycogen.hiphop,available,23.99,23.99,medium,low,8,namesilo,,,19/09/2026 08:46
aa664f1d-e7fa-4b1f-856d-3da70fed9709,protein.hiphop,available,23.99,23.99,high,low,7,namesilo,,,08/09/2026 08:51
9a92d1a0-e37c-49c5-b4a6-1daf9399d2b1,gameplay.hiphop,available,23.99,23.99,high,low,8,namesilo,,,30/09/2026 06:08
2e274264-5c10-46d7-ade7-f5903d57cef8,bursal.hiphop,available,23.99,23.99,medium,low,6,namesilo,,,11/08/2026 11:04
b63bc44b-f78c-4d8f-8ef0-6a7d97c8bd2a,focal.hiphop,available,23.99,23.99,high,low,5,namesilo,,,18/08/2026 09:44
76a93c40-5028-45d0-a184-aa9863d34937,gene.hiphop,available,23.99,23.99,high,low,4,namesilo,,,29/09/2026 09:24
d1e95922-498b-4371-bed8-6640db0b4d7c,tubby.hiphop,available,23.99,23.99,medium,low,5,namesilo,,,08/09/2026 22:29
b1abb4ed-74b9-468b-801c-00d11d292a4d,pointed.hiphop,available,23.99,23.99,high,low,7,namesilo,,,08/09/2026 22:36
ce31a347-e19e-4e0e-9709-6ef21839acee,monoclonal.hiphop,available,23.99,23.99,medium,low,10,namesilo,,,19/09/2026 05:27
62fd3965-2ca3-4560-bb9f-e1ea33dcec22,astute.hiphop,available,23.99,23.99,high,low,6,namesilo,,,22/09/2026 10:35
e8ce7227-4939-49ee-804a-95aa0afbea8b,ammon.hiphop,available,21.62,21.62,medium,low,5,dynadot,,,02/10/2026 08:53
2cf81356-2acd-4bdc-a9d2-3daa6eda36a2,monistic.hiphop,available,23.99,23.99,medium,low,8,namesilo,,,25/08/2026 04:51
5716e9e7-c23b-441f-be19-eadc732b6617,precative.hiphop,available,23.99,23.99,high,medium,9,namesilo,,,09/09/2026 01:12
a1cce228-e942-4700-b404-8497361e9808,heliacal.hiphop,available,23.99,23.99,medium,low,8,namesilo,,,21/08/2026 06:23
91c35f36-3701-40a0-a26f-8d08fbb9eeb7,distinguish.hiphop,available,27,,medium,low,11,unstoppable,,,28/09/2026 21:05
2e703e48-23c7-4ff1-9d2d-3481c196b0cf,accentual.hiphop,available,23.99,23.99,high,low,9,namesilo,,,
47e49a34-b5f9-47d0-9dce-deb23b98b580,indirectly.hiphop,available,23.99,23.99,medium,low,10,namesilo,,,15/09/2026 07:58
ea21a0ab-d0ae-4c22-b2c2-6d6c972fae47,undertaken.hiphop,available,25.98,33.98,medium,low,10,namecheap,,,01/10/2026 13:36
cad10c2c-bc90-4763-bba8-3d00a2800aeb,resole.hiphop,available,23.99,23.99,medium,low,6,namesilo,,,10/09/2026 13:33
7c6d51e8-272e-4ac7-8466-6f114bc64547,mawr.hiphop,available,21.11,21.11,medium,low,4,porkbun,,,28/09/2026 21:42
29398cd3-5663-49ab-bb2c-ebc3bdcdc6b0,dresses.hiphop,available,23.99,23.99,medium,low,7,namesilo,,,18/09/2026 07:11
6da14dcc-f71c-4a2f-92a4-692df36daecd,taoism.hiphop,available,23.99,23.99,medium,low,6,namesilo,,,30/09/2026 16:55
0e1fca4e-95b6-4ad8-bbab-62450c86acdc,biddable.hiphop,available,23.99,23.99,high,low,8,namesilo,,,
47508dee-f673-4642-b1ae-31fce4d44a1b,fiend.hiphop,available,23.99,23.99,medium,low,5,namesilo,,,17/08/2026 21:54
872589fa-6b0f-47d5-8f7f-b5adfd39a418,pottsville.hiphop,available,23.99,23.99,medium,low,10,namesilo,,,02/10/2026 10:34
b0c8ffbb-5020-4bda-bf3d-4b7fac4ab390,xii.hiphop,premium,640,116,high,low,3,namesilo,,,21/09/2026 11:25
5ddc23f1-cf70-4a5a-b7cb-442e3052a909,stokes.hiphop,available,23.99,23.99,medium,low,6,namesilo,,,28/09/2026 22:21
f7291de7-3659-4322-a2f9-e18075b4f802,scraps.hiphop,available,20.9,20.9,high,low,6,spaceship,,,01/10/2026 02:13
41c08758-611a-4686-9c99-7404783bd63b,page.hiphop,available,21.62,21.62,high,medium,4,dynadot,,,30/09/2026 06:20
6ae583f8-a6dc-4c33-9b67-59d3dcc91308,akkadian.hiphop,available,23.99,23.99,medium,low,8,namesilo,,,18/09/2026 00:10
35876f2d-37e8-49b0-b804-47505f3d25e3,confer.hiphop,available,23.99,23.99,high,low,6,namesilo,,,02/10/2026 17:14
f44d12ce-73b9-4c02-8b76-bfcddd092dc4,adverse.hiphop,available,23.99,23.99,medium,low,7,namesilo,,,
a0790450-f2ea-42cb-8eeb-d595838fe463,acceptance.hiphop,available,25.98,33.98,high,low,10,namecheap,,,16/09/2026 22:01
f77c2d0d-3f8c-490d-8f29-97b2c661d5c6,skinny.hiphop,available,23.99,23.99,high,low,6,namesilo,,,12/08/2026 04:01
c7a024ba-92df-4400-a4ca-b57879a104d3,fontainebleau.hiphop,available,20.9,20.9,medium,low,13,spaceship,,,30/09/2026 13:48
4d0e3625-7fa4-4e0e-905d-23d4901293a2,historied.hiphop,available,23.99,23.99,medium,low,9,namesilo,,,21/08/2026 09:53
0b3f2117-a030-49a1-89f9-cd3352533c0d,compostela.hiphop,available,20.9,20.9,medium,low,10,spaceship,,,02/10/2026 20:47
677a08f1-4988-4755-bce3-3166345b0ffd,guardians.hiphop,available,20.9,20.9,medium,low,9,spaceship,,,30/09/2026 00:06
158b749a-4dce-43d9-9b1b-57c93e6e2b84,hanoverian.hiphop,available,23.99,23.99,medium,low,10,namesilo,,,20/08/2026 23:44
b9e9a7bf-d348-4c8c-8f6f-d46af534fa8c,blanquillo.hiphop,available,23.99,23.99,medium,low,10,namesilo,,,24/09/2026 04:04
85384f1e-0368-4051-970f-e1e21d9c19d3,colombian.hiphop,available,23.99,23.99,high,low,9,namesilo,,,12/08/2026 17:18
5d18d5f2-ba42-4138-b148-bb24e95ce593,haskell.hiphop,available,20.9,20.9,high,low,7,spaceship,,,28/09/2026 03:46
0258f3d7-88f9-49c0-ac7d-21893083144a,oft.hiphop,premium,650,130,high,low,3,namecheap,,,14/09/2026 20:06
3c1c6f22-e500-47f3-bf44-a54c07ce0821,descended.hiphop,available,23.99,23.99,medium,low,9,namesilo,,,29/09/2026 10:16
b6f4507d-7ccd-417a-8807-ef0cf6389596,tipperary.hiphop,available,21.11,21.11,medium,low,9,porkbun,,,29/09/2026 09:36
3c2791c6-0b23-449f-bab1-0893d945e8f0,murfreesboro.hiphop,available,23.99,23.99,medium,low,12,namesilo,,,02/10/2026 01:04
723d60cd-f8b1-46de-b420-5cda43efc745,mci.hiphop,premium,640,116,high,low,3,namesilo,,,29/09/2026 15:50
f05101b8-1e73-48ac-85c7-e9b0b656e91d,midwestern.hiphop,available,23.99,23.99,high,low,10,namesilo,,,24/08/2026 22:41
d56c1a0d-facf-4e67-ae25-7244779fbae5,authorizer.hiphop,available,23.99,23.99,medium,low,10,namesilo,,,21/09/2026 05:13
bada0a06-d260-4a36-ba26-65a44da44cdc,mushrooms.hiphop,available,23.99,23.99,medium,low,9,namesilo,,,29/09/2026 11:10
a1b93a4f-be0d-4771-8a13-6a46a2dc1968,acceptably.hiphop,available,23.99,23.99,high,medium,10,namesilo,,,10/09/2026 12:55
159936a4-f0ed-43fd-bfa1-fa19845172f6,creation.hiphop,available,20.9,20.9,high,low,8,spaceship,,,03/10/2026 04:02
d1264c33-566f-4bcc-88f4-2496a85f0bbb,spat.hiphop,available,25.98,33.98,high,low,4,namecheap,,,23/09/2026 13:13
3a81a056-a2c4-4aec-902b-532bcb9db4a2,wharf.hiphop,available,21.11,21.11,high,low,5,porkbun,,,30/09/2026 06:43
28b96b8e-9628-4da0-918e-e86cb6a790fb,thomsen.hiphop,available,20.9,20.9,medium,low,7,spaceship,,,02/10/2026 20:09
1e3213d3-9bf7-4471-9e52-575dcfb9188f,americas.hiphop,available,20.9,20.9,high,low,8,spaceship,,,02/10/2026 20:01
5c52fb70-6bc7-496d-a8d5-20a68074fc44,closeout.hiphop,available,23.99,23.99,high,low,9,namesilo,,,
1dbcd23a-8bd2-4bd7-bd65-553b9a34bcbe,afterlife.hiphop,available,23.99,23.99,high,low,9,namesilo,,,15/09/2026 00:23
97dd5bcc-8604-43f9-b720-2ccb574e7ee4,aphotic.hiphop,available,23.99,23.99,medium,low,7,namesilo,,,05/08/2026 23:37
6e09e075-afd2-41ae-905f-cab804382bcd,cougar.hiphop,available,20.9,20.9,high,low,6,spaceship,,,30/09/2026 09:16
f142f923-e2a5-4f91-858f-91bc5c295d22,psychotherapy.hiphop,available,23.99,23.99,high,low,13,namesilo,,,01/10/2026 14:38
5d1d697f-4f2f-432f-b308-9cad1b3540ce,deafen.hiphop,available,34.99,41.99,high,low,6,name.com,,,13/08/2026 19:44
8447aa65-4edf-4cf8-95fa-3954b5568fd2,sandbox.hiphop,available,20.9,20.9,high,medium,7,spaceship,,,03/10/2026 02:01
7d275d80-3899-4b2e-a486-c254c4b06b41,legge.hiphop,available,25.98,33.98,medium,low,5,namecheap,,,01/10/2026 22:42
ddea2bc6-9a37-4013-a57a-90823fb8e712,merging.hiphop,available,23.99,23.99,high,low,7,namesilo,,,24/08/2026 20:43
cc1d625c-560b-4aff-8bd8-f3146ebc3617,dexter.hiphop,available,23.99,23.99,high,low,6,namesilo,,,14/08/2026 05:26
70c6ac2f-dcdb-47b8-9ddb-ff387ce1adcb,barksdale.hiphop,available,27,,medium,low,9,unstoppable,,,02/10/2026 00:54
a616a856-d9b5-4bcf-b38e-1ec32a1461f4,yolk.hiphop,available,23.99,23.99,high,low,4,namesilo,,,02/10/2026 14:58
4622a5d0-3d56-49c6-bdbc-5de33c5cd659,catarrhine.hiphop,available,25.98,33.98,medium,low,10,namecheap,,,11/08/2026 21:11
ac4d6130-92bf-4d97-9077-97de699f1358,charming.hiphop,available,23.99,23.99,high,low,8,namesilo,,,12/08/2026 02:36
a839c11c-4a04-4c40-9082-25e5999e2379,bolt.hiphop,available,20.9,20.9,high,high,4,spaceship,,,28/09/2026 13:18
babc483f-0c53-4780-b089-1237c0d698f6,pseud.hiphop,available,23.99,23.99,medium,low,5,namesilo,,,09/09/2026 05:04
f2850a7c-9809-4de3-b784-d629799ae241,credibility.hiphop,available,23.99,23.99,high,low,11,namesilo,,,28/09/2026 12:34
ba643e69-0f07-47b7-a187-7f88d6743d00,beagle.hiphop,available,25.98,33.98,high,low,6,namecheap,,,22/09/2026 19:37
6a81f792-15bb-4724-8280-41a7bd547112,ungoverned.hiphop,available,23.99,23.99,medium,low,10,namesilo,,,12/09/2026 04:36
8f8afc62-7b58-4979-8e3b-7fb17542947a,natick.hiphop,available,20.9,20.9,medium,low,6,spaceship,,,02/10/2026 08:03
e5806128-4e64-4045-99ff-ca5f796c0c10,clemency.hiphop,available,23.99,23.99,high,low,8,namesilo,,,24/09/2026 15:31
dd846e57-90c1-48b5-a36a-9688940a2866,unsubtle.hiphop,available,23.99,23.99,medium,low,8,namesilo,,,12/09/2026 20:46
ae6d78b2-23b6-43a8-87f3-07f006bb9da8,owens.hiphop,available,21.62,21.62,high,low,5,dynadot,,,30/09/2026 00:31
747fac92-f2cf-4de5-83d1-a3f009a9014e,chameleon.hiphop,available,20.9,20.9,high,low,9,spaceship,,,02/10/2026 23:55
52148454-d099-44b4-88c8-b9e7bd3e2ad5,declined.hiphop,available,21.62,21.62,low,low,8,dynadot,,,28/09/2026 22:47
cc90dea5-6b68-44c3-8942-436d7569c0a8,reactor.hiphop,available,23.99,23.99,high,low,7,namesilo,,,28/09/2026 10:36
bfbec8e5-1153-4a4c-8782-38843b2fdcab,hypothesis.hiphop,available,20.9,20.9,high,low,10,spaceship,,,29/09/2026 02:33
a3ecb944-aed2-43db-b27a-4d11061cf72f,lammas.hiphop,available,23.99,23.99,medium,low,6,namesilo,,,21/09/2026 03:43
8212ce1f-dcef-40c6-b4d7-a798bc980562,jordanian.hiphop,available,23.99,23.99,high,low,9,namesilo,,,22/08/2026 14:01
a4b4c63b-11c8-4c03-8ec0-3dd2af432c34,close.hiphop,available,23.99,23.99,high,low,5,namesilo,,,21/09/2026 23:48
6ef38de3-7405-46dd-b712-709b658e7336,ihs.hiphop,premium,517.7,103.7,medium,low,3,spaceship,,,02/10/2026 08:28
1dfa9898-a629-40de-8da8-cc4919a1fe92,childbirth.hiphop,available,23.99,23.99,high,low,10,namesilo,,,12/08/2026 05:00
afdb5d07-d5b6-478f-8ded-da7fc47469fe,lone.hiphop,available,21.62,21.62,medium,low,4,dynadot,,,28/09/2026 22:59
32cc5f18-eb17-40bf-84bf-823560cd80fe,prodigally.hiphop,available,23.99,23.99,low,low,10,namesilo,,,15/09/2026 21:38
bbbd4317-99f9-42e2-ace1-465e41a54963,incipient.hiphop,available,23.99,23.99,medium,low,9,namesilo,,,22/08/2026 01:14
4ef2c5ba-c9cc-420a-8917-4ab6e91c67de,childlike.hiphop,available,23.99,23.99,high,low,9,namesilo,,,12/08/2026 05:12
14e72b85-9b13-4db2-ad8b-5e6feb6b1b1a,spills.hiphop,available,20.9,20.9,medium,low,6,spaceship,,,02/10/2026 22:44
5320cc40-d2e5-4bc9-abb0-4e905285f924,dci.hiphop,premium,546.35,109.69,high,low,3,porkbun,,,02/10/2026 04:33
8ee3068a-dfea-4491-911d-fb191083a537,sensors.hiphop,available,21.62,21.62,medium,low,7,dynadot,,,28/09/2026 09:09
38930040-5ad8-4632-8fca-7538dcc730be,fmri.hiphop,available,20.9,20.9,high,low,4,spaceship,,,02/10/2026 04:55
58ebe91d-1779-4c9d-9be0-ddf907ecd042,edgeless.hiphop,available,23.99,23.99,high,low,8,namesilo,,,15/08/2026 08:37
ca87aa24-a118-4659-9e67-b1356b5073b6,lifeless.hiphop,available,23.99,23.99,medium,low,8,namesilo,,,17/08/2026 15:52
85f84c3f-4bb2-45e7-8ef9-3eea160d878b,geriatric.hiphop,available,23.99,23.99,medium,low,9,namesilo,,,18/08/2026 22:42
fb1ccd6c-d7c8-4a8a-816b-33dcdbf3a3d2,chemistry.hiphop,available,27,33.98,high,low,9,unstoppable,,,01/10/2026 20:13
d7d4e009-37de-4f48-91fc-58b73390e817,commemorate.hiphop,available,27,,high,low,11,unstoppable,,,30/09/2026 03:37
c7870dfb-7300-406b-afa3-7804670ddfec,smetana.hiphop,available,23.99,23.99,medium,low,7,namesilo,,,22/09/2026 23:32
ee6ec0ae-c79d-43a7-a87f-bb54ac80d07c,bordered.hiphop,available,23.99,23.99,medium,low,8,namesilo,,,22/09/2026 23:55
620c53fd-b4de-4be5-a159-327a8a34cfb6,phonograph.hiphop,available,23.99,23.99,high,low,10,namesilo,,,02/10/2026 16:22
fa7ea268-1c6c-4618-98be-53724d93145e,injury.hiphop,available,23.99,23.99,high,low,6,namesilo,,,25/09/2026 06:58
1e1d1acc-7122-47b4-b24b-b4ee606e46fb,derisory.hiphop,available,23.99,23.99,medium,low,8,namesilo,,,14/08/2026 02:56
572d5728-4790-4d5e-ac88-db268722794d,effectual.hiphop,available,23.99,23.99,high,low,9,namesilo,,,15/08/2026 14:20
e9565124-cb15-4cee-ba0f-8456c1765f35,spying.hiphop,available,25.98,33.98,medium,low,6,namecheap,,,29/09/2026 06:49
30b82b86-29e3-4dc4-9c76-487f9ba3b85b,malcolm.hiphop,available,23.99,23.99,high,low,7,namesilo,,,25/09/2026 14:54
4a5b46a7-2aa1-4e3a-93e1-394f7e04aec3,jigsaw.hiphop,available,23.99,23.99,high,low,6,namesilo,,,02/10/2026 04:58
4a703057-df76-4948-aab7-69ac38a69742,clam.hiphop,available,20.9,20.9,high,low,4,spaceship,,,29/09/2026 09:46
0554bf32-d033-4bc8-8bf6-45b8761e3e03,cattleman.hiphop,available,23.99,23.99,high,low,9,namesilo,,,23/09/2026 00:40
727ac3f6-70c7-4cf3-ad1e-736f348abcdc,degrading.hiphop,available,34.99,41.99,medium,low,9,name.com,,,13/08/2026 20:10
b377aee2-4a1d-4d21-ad0d-b9e170519e73,trilateral.hiphop,available,23.99,23.99,medium,low,10,namesilo,,,11/09/2026 14:28
c535b25a-9623-4e1b-9804-35f29a27e149,predestine.hiphop,available,23.99,23.99,high,medium,10,namesilo,,,09/09/2026 01:23
a6e9b587-9dcc-4674-993f-f44f4a30c8f9,numberless.hiphop,available,23.99,23.99,high,low,10,namesilo,,,13/08/2026 03:42
0fddc97c-3c57-4aff-9493-e71fad2e1efb,plausibly.hiphop,available,23.99,23.99,medium,low,9,namesilo,,,14/09/2026 09:28
afd13ef1-8c21-4766-b338-da313defbd25,narrowed.hiphop,available,23.99,23.99,medium,low,8,namesilo,,,03/09/2026 13:27
48193663-3397-4b5e-806d-a21d0e31e96e,monterrey.hiphop,available,20.9,20.9,medium,low,9,spaceship,,,28/09/2026 14:54
f8cf890f-52d9-47ff-9122-15f9f6e5f921,motel.hiphop,available,23.99,23.99,high,low,5,namesilo,,,25/09/2026 09:27
1388898c-4b29-484b-95e9-4b63a9fa8d3c,zirconium.hiphop,available,23.99,23.99,medium,low,9,namesilo,,,20/09/2026 23:04
025b84f6-d149-4dfe-928d-7728a4b5bf3b,simpleness.hiphop,available,23.99,23.99,medium,low,10,namesilo,,,24/09/2026 13:51
ba979593-ff21-4f61-bfcc-d760f015b201,scale.hiphop,available,21.62,21.62,high,medium,5,dynadot,,,29/09/2026 21:07
4f094536-15ca-4491-9bb7-7f8c86e78945,entangle.hiphop,available,23.99,23.99,high,low,8,namesilo,,,24/08/2026 16:54
e9253a21-be94-4d78-8763-21bae42112d6,sudbury.hiphop,available,20.9,20.9,medium,low,7,spaceship,,,28/09/2026 06:48
c101e581-2a7c-4b8a-bdd1-a854373ea00c,poisoned.hiphop,available,23.99,23.99,medium,low,8,namesilo,,,27/09/2026 17:38
c70a5c35-83b8-418c-9eb0-59ccbd99c321,cruciform.hiphop,available,23.99,23.99,medium,low,9,namesilo,,,13/08/2026 08:42
0c30aa9a-825f-4de8-aed4-89f7481003ef,operator.hiphop,available,23.99,23.99,high,low,8,namesilo,,,25/09/2026 23:32
c333c454-e220-4289-8ebd-f3beafe5c4ca,nocturnal.hiphop,available,25.98,33.98,high,low,9,namecheap,,,03/09/2026 18:04
2e395b39-f32a-4d6a-9a45-5c9384e4f295,grew.hiphop,available,27,23.99,high,low,4,unstoppable,,,30/09/2026 22:49
9654462d-7fb0-49ae-b41d-e36df3caf8da,marys.hiphop,available,21.62,21.62,high,low,5,dynadot,,,02/10/2026 22:52
ef13b456-c236-4591-8530-586880b195f7,ussr.hiphop,available,20.9,20.9,high,medium,4,spaceship,,,02/10/2026 16:40
6c152012-abb6-44e8-9f60-077bced64f5d,girdle.hiphop,available,23.99,23.99,high,low,6,namesilo,,,24/09/2026 15:02
4f8f222c-5bc5-4718-bf00-ec6f49483729,untangled.hiphop,available,25.98,33.98,medium,low,9,namecheap,,,12/09/2026 20:57
68641ade-0741-40a3-a99a-cd0b4c042c8f,too.hiphop,premium,517.7,103.7,high,low,3,spaceship,,,28/09/2026 12:00
2fa6989e-5f79-4e90-a787-f53699554d4d,accretive.hiphop,available,23.99,23.99,medium,low,9,namesilo,,,
8b620708-38b6-447b-8918-f70c0ce23f6d,digs.hiphop,available,27,,high,low,4,unstoppable,,,30/09/2026 16:59
841cec6f-4548-4b92-a17b-fd39a2c2eaf2,picard.hiphop,available,27,,high,medium,6,unstoppable,,,02/10/2026 07:43
7be923ce-63c8-4db5-ac35-aa48b517a134,holland.hiphop,available,43.99,43.99,high,low,7,godaddy,,,28/09/2026 02:07
6f224e55-aeda-47af-9403-10abc7743ff1,unbeaten.hiphop,available,23.99,23.99,high,low,8,namesilo,,,12/09/2026 01:45
196f0086-5958-4255-afc9-5b4ddf110abe,ground.hiphop,available,20.9,20.9,high,low,6,spaceship,,,29/09/2026 17:40
94ec7ce9-9fc9-4f54-a845-4acb48217318,bros.hiphop,available,23.99,23.99,medium,low,4,namesilo,,,18/09/2026 13:28
b0db166e-5824-4b62-808f-30d48eacb3d3,volcanic.hiphop,available,23.99,23.99,high,low,8,namesilo,,,13/09/2026 06:48
d9a34080-45a4-4189-a18c-1ea73a1b759f,oozing.hiphop,available,23.99,23.99,medium,low,6,namesilo,,,04/09/2026 15:28
711c5e6b-b774-4462-8ada-2e418f3fcf41,salinger.hiphop,available,20.9,20.9,medium,low,8,spaceship,,,03/10/2026 01:20
18b9404b-86a4-47a3-88c5-bdff964cc1e6,caramel.hiphop,available,25.98,33.98,high,low,7,namecheap,,,11/08/2026 18:28
40406cc4-ad43-4fad-a291-41c57877c48c,beehive.hiphop,available,23.99,23.99,high,low,7,namesilo,,,23/09/2026 01:16
e64ee5c0-0c9a-4efc-be08-00d40fe4015f,bittie.hiphop,available,23.99,23.99,medium,low,6,namesilo,,,10/08/2026 07:56
4f06bd10-8c3d-460e-8c3a-0ce55fd5b223,pushes.hiphop,available,20.9,20.9,low,low,6,spaceship,,,29/09/2026 06:04
35d0c62d-53a4-4788-9e84-74f368c110ed,validation.hiphop,available,20.9,20.9,high,low,10,spaceship,,,30/09/2026 19:08
0f0b4985-9160-4ee0-ad32-6cfa899dfafc,dimly.hiphop,available,23.99,23.99,medium,low,5,namesilo,,,14/09/2026 12:45
397850f1-773e-41e7-b18a-3ebe2e090d15,postman.hiphop,available,21.62,21.62,high,low,7,dynadot,,,01/10/2026 02:53
05e14afd-3e38-4b1a-b19b-b8d81a83c409,catfish.hiphop,available,25.98,33.98,high,low,7,namecheap,,,29/09/2026 00:23
5869e8ba-3db4-4b9b-96ac-6ea68627dc89,creative.hiphop,available,23.99,23.99,high,medium,8,namesilo,,,01/10/2026 01:41
ec07ba68-4a11-4f7e-96ff-d4bbbbf7fb22,bombay.hiphop,available,20.9,20.9,medium,low,6,spaceship,,,29/09/2026 00:15
a075eefb-2d06-46a4-880d-8cde14499155,abusing.hiphop,available,20.9,20.9,low,low,7,spaceship,,,02/10/2026 01:37
cc76c152-bbe4-41f2-923e-3924880086d6,climber.hiphop,available,25.98,33.98,high,low,7,namecheap,,,24/09/2026 15:39
e9ea046f-2f78-441c-ba3a-1177d3627d4a,stephens.hiphop,available,23.99,23.99,high,low,8,namesilo,,,25/09/2026 15:57
a48bd3f9-32a9-4d19-8891-0c51640d2757,normale.hiphop,available,25.98,33.98,high,low,7,namecheap,,,01/10/2026 22:29
6bb8ff5a-5a5a-4c60-bab3-901356772c0c,broadleaf.hiphop,available,23.99,23.99,high,low,9,namesilo,,,11/08/2026 04:57
63cbab96-66f1-448a-99bb-a1a0a8226b0a,disciplined.hiphop,available,21.62,21.62,high,low,11,dynadot,,,29/09/2026 08:42
cce0e0ed-261e-4d26-999c-967825719067,defensible.hiphop,available,23.99,23.99,high,low,10,namesilo,,,13/08/2026 23:11
acda7455-2db6-4e04-be10-20bbd3206bb2,tcr.hiphop,premium,517.7,103.7,high,low,3,spaceship,,,30/09/2026 05:05
78381960-ac1a-4116-be3e-28c0f69c3813,copaiba.hiphop,available,23.99,23.99,medium,low,7,namesilo,,,22/09/2026 00:08
f8078fdc-0ca0-41a7-a429-067828ca91df,tandem.hiphop,available,23.99,23.99,high,low,6,namesilo,,,15/09/2026 06:56
ab9b4ad1-17c8-4f52-98da-b56da4ae3ec9,easton.hiphop,available,23.99,23.99,medium,low,6,namesilo,,,25/09/2026 16:33
3a119380-a7be-43b7-a5d7-2105e7ae2d9c,baseline.hiphop,available,23.99,23.99,high,low,8,namesilo,,,22/09/2026 10:15
eebf5beb-bead-4db2-abe1-efff222de4fb,integral.hiphop,available,23.99,23.99,high,low,8,namesilo,,,23/09/2026 10:33
e02917c1-d6b5-4ac2-8664-b02de3abfed4,spreadsheet.hiphop,available,23.99,23.99,high,low,11,namesilo,,,01/10/2026 23:36
cb5909dc-40ab-4ec6-8547-d8a7d9d93abc,smallish.hiphop,available,23.99,23.99,medium,low,8,namesilo,,,10/09/2026 11:46
79a7b9f1-c886-4d77-9012-3046387ba4be,illustrates.hiphop,available,21.11,21.11,medium,low,11,porkbun,,,02/10/2026 22:27
4c69e38d-caef-4bec-ae8a-8fa041c21d18,herd.hiphop,available,23.99,23.99,high,low,4,namesilo,,,24/09/2026 19:45
6300e7e9-37e9-4b74-bb13-a0b2251b3e45,delilah.hiphop,available,20.9,20.9,high,low,7,spaceship,,,01/10/2026 19:14
ad7453dc-5091-4add-989b-447ef0e26fdb,node.hiphop,available,23.99,23.99,high,medium,4,namesilo,,,03/10/2026 01:28
c725e529-186c-46c8-9fd2-2191dacf401d,baeda.hiphop,available,23.99,23.99,medium,low,5,namesilo,,,21/09/2026 17:19
6d34a451-4d1a-482b-afad-c8db41363cca,tractors.hiphop,available,23.99,23.99,medium,low,8,namesilo,,,21/09/2026 06:24
13b52d77-1bf9-47ec-a223-adb646546533,extras.hiphop,available,23.99,23.99,medium,low,6,namesilo,,,
fc96b402-c89c-451c-8b3c-8dde6af9b910,worked.hiphop,available,27,23.99,high,low,6,unstoppable,,,03/10/2026 04:37
bb5c67b7-892f-42c7-9bb4-13964ad1b7b1,nosed.hiphop,available,25.98,33.98,medium,low,5,namecheap,,,03/09/2026 21:45
b771a2a0-a679-4ee8-9b4a-79ca783c6e28,christopher.hiphop,available,23.99,23.99,high,low,11,namesilo,,,25/09/2026 13:15
9e78b094-6cf6-4870-939b-1fd193cef4f0,feather.hiphop,available,25.98,33.98,high,low,7,namecheap,,,29/09/2026 19:02
9e4c79dd-6ddb-49e4-a6c0-ec825014f207,hose.hiphop,available,21.62,21.62,medium,low,4,dynadot,,,28/09/2026 14:27
aac992ec-0a49-42df-b946-3d7dc3cc2f95,framework.hiphop,available,23.99,23.99,high,low,9,namesilo,,,25/08/2026 02:30
781192b9-7114-4dbb-9b10-136a3c9cd07f,brachial.hiphop,available,23.99,23.99,medium,low,8,namesilo,,,11/08/2026 00:19
7d7969b8-913f-43a6-ba82-3e1915b58bc5,regnant.hiphop,available,23.99,23.99,high,medium,7,namesilo,,,09/09/2026 12:56
dbc614de-8c3f-444b-9025-8e96bfee313c,scriptural.hiphop,available,25.98,33.98,medium,low,10,namecheap,,,09/08/2026 18:55
3bc61cc4-4d0e-468e-989e-f9f306f67f2b,contracted.hiphop,available,23.99,23.99,high,low,10,namesilo,,,23/09/2026 22:26
7f9a20ae-a9ea-4265-aae7-69892ce4d526,matutinal.hiphop,available,23.99,23.99,medium,low,9,namesilo,,,24/08/2026 17:33
95b0305b-efd9-4421-a0f8-ac2a47235f1c,plutonic.hiphop,available,23.99,23.99,medium,low,8,namesilo,,,19/09/2026 03:29
945bfefe-42d0-407c-8be5-7d9a09ecd03a,fox.hiphop,premium,650,130,high,high,3,namecheap,,,24/09/2026 13:47
79ad32f0-94eb-4d8b-80c8-119528ad6e4c,releasing.hiphop,available,23.99,23.99,high,low,9,namesilo,,,09/09/2026 13:32
192aeb0d-ff2b-41e2-a125-586dfcd53fb8,applied.hiphop,available,23.99,23.99,high,low,7,namesilo,,,06/08/2026 07:11
77f4d686-f8fe-4d8a-8655-750cdae0cb29,declaring.hiphop,available,25.98,33.98,high,low,9,namecheap,,,30/09/2026 07:00
00809707-0f19-45d3-94f1-3250410f6c10,twentieth.hiphop,available,23.99,23.99,high,low,9,namesilo,,,21/09/2026 12:27
722b3863-08ad-40be-848d-79d32ee30441,bras.hiphop,available,25.98,33.98,high,low,4,namecheap,,,17/09/2026 13:20
9c6644b8-1543-4958-83e4-364e29db7d4b,hydrogen.hiphop,available,23.99,23.99,high,low,8,namesilo,,,20/09/2026 21:53
881d2203-d890-4736-8aff-557fb9c828fe,dinky.hiphop,available,23.99,23.99,medium,low,5,namesilo,,,14/08/2026 08:14
44174999-83e6-45fb-9ba9-e82fde4c6379,stretching.hiphop,available,20.9,20.9,medium,low,10,spaceship,,,29/09/2026 02:14
7919e94b-80d8-4089-8f3a-e0ddd57f1a4f,mma.hiphop,premium,640,116,high,medium,3,namesilo,,,28/09/2026 16:33
6433328f-0025-441c-9fec-aeaef7287137,gaelic.hiphop,available,23.99,23.99,high,low,6,namesilo,,,11/08/2026 23:40
b28bb5d2-ad28-4331-9cce-20b2915ab30b,asahikawa.hiphop,available,23.99,23.99,medium,low,9,namesilo,,,20/09/2026 12:44
ffdd7409-b2ad-4c99-9024-ef3266ae6f95,uncritical.hiphop,available,23.99,23.99,medium,low,10,namesilo,,,12/09/2026 06:26
149e865d-8c30-4d56-95e3-e53b971dc4a8,catkinate.hiphop,available,23.99,23.99,medium,low,9,namesilo,,,11/08/2026 22:09
91ff4e8d-6c92-401f-be00-e37bf31281cf,detain.hiphop,available,25.98,33.98,high,low,6,namecheap,,,24/09/2026 21:28
5f5ff8a2-d06c-4633-a9fb-2c121b8e8694,sickish.hiphop,available,23.99,23.99,low,low,7,namesilo,,,03/09/2026 14:05
215ae5bd-4650-4da3-9693-559fc312706c,lamb.hiphop,available,25.98,33.98,high,low,4,namecheap,,,27/09/2026 03:31
2ed94a06-5424-4d8d-98b9-266f5d31a123,tuna.hiphop,available,23.99,23.99,high,low,4,namesilo,,,19/09/2026 07:27
70d2db53-72a9-478d-af46-d721d01bd5f5,heartthrob.hiphop,available,23.99,23.99,high,low,10,namesilo,,,29/09/2026 22:26
05237cac-1c72-4313-bab1-979a99928f8d,earnings.hiphop,available,23.99,23.99,high,low,8,namesilo,,,29/09/2026 18:43
d79e5fee-c809-4e7e-8fc6-8d51f909d628,manslaughter.hiphop,available,23.99,23.99,medium,low,12,namesilo,,,28/09/2026 22:46
4e57f346-5b14-4bd4-ac07-d436675261fa,punishable.hiphop,available,23.99,23.99,high,medium,10,namesilo,,,09/09/2026 05:59
8f149960-e025-48e7-bddc-0bb1b1e3f4ad,inflexibly.hiphop,available,23.99,23.99,medium,low,10,namesilo,,,15/09/2026 08:16
78334b93-f375-4df3-8a39-bf577b514f6f,shush.hiphop,available,20.9,20.9,medium,low,5,spaceship,,,30/09/2026 21:25
78b49f94-09b3-40d1-8df3-2896d36cfc5b,unlikely.hiphop,available,23.99,23.99,high,low,8,namesilo,,,21/08/2026 23:08
33f81818-5aa9-4b9a-a035-896d415225e6,esteemed.hiphop,available,23.99,23.99,high,low,8,namesilo,,,17/08/2026 13:23
fb675d1c-4b7d-4d20-bdb3-59c07ccc2301,capital.hiphop,available,20.9,20.9,high,medium,7,spaceship,,,01/10/2026 03:01
a003f749-e913-441b-abd2-6de25c9d8771,jane.hiphop,available,25.98,33.98,high,low,4,namecheap,,,25/09/2026 11:44
3830e42f-0698-4f16-95b6-ac2de4d49ad9,boozy.hiphop,available,25.98,33.98,low,low,5,namecheap,,,09/08/2026 19:00
faa06cc4-db29-4326-ba75-6ae5ca6ef52d,cartilage.hiphop,available,23.99,23.99,high,low,9,namesilo,,,01/10/2026 01:18
a9cb84ff-6cad-4e40-9163-576272874d34,bison.hiphop,available,25.98,33.98,high,low,5,namecheap,,,23/09/2026 22:04
e4a7aa40-bddb-423b-b5b7-580d1736530e,constellation.hiphop,available,20.9,20.9,high,low,13,spaceship,,,29/09/2026 20:52
a42f10e3-dc60-46db-a41d-171f03f834a3,frick.hiphop,available,25.98,33.98,medium,low,5,namecheap,,,29/09/2026 01:01
79dff537-9e4c-4a4a-8f9f-a0e32645e511,twins.hiphop,available,25.98,33.98,high,medium,5,namecheap,,,25/09/2026 06:26
9ec15041-3477-494d-8b6e-47c57357343f,uncooked.hiphop,available,23.99,23.99,high,low,8,namesilo,,,12/09/2026 06:09
6e1911de-caa1-4b6e-a5b6-efd6bbd86e4d,nitric.hiphop,available,23.99,23.99,medium,low,6,namesilo,,,08/08/2026 02:58